run,seed,allies,enemies,difficulty,victory_condition,ending,human_victory,turns,score,allies_evacuated,actions,action_log,peak_heap_bytes
run-0001,3711454377993658084,100,50,MUY_FACIL,SOLO_JUGADOR,VICTORIA_JUGADOR,true,23,2744,31,3368,run-0001-actions.log.gz,4676680
run-0002,-6087276131077476410,105,79,FACIL,JUGADOR_Y_ALIADOS,VICTORIA_TODOS_ALIADOS,true,24,3369,105,3481,run-0002-actions.log.gz,6782680
run-0003,-7351115902857953801,110,110,NORMAL,SOLO_JUGADOR,VICTORIA_ALIADA_POST_MORTEM,true,23,3061,72,4442,run-0003-actions.log.gz,7265048
run-0004,2310149322707250743,115,144,DIFICIL,JUGADOR_Y_ALIADOS,VICTORIA_ALIADA_POST_MORTEM,true,26,3157,75,6041,run-0004-actions.log.gz,7824696
run-0005,-6898549225771989968,120,180,MUY_DIFICIL,SOLO_JUGADOR,VICTORIA_ENEMIGA_ELIMINACION,false,35,-1389,0,8113,run-0005-actions.log.gz,7824696
run-0006,7698066486203930935,125,225,PESADILLA,JUGADOR_Y_ALIADOS,VICTORIA_ENEMIGA_ELIMINACION,false,26,-1368,0,7788,run-0006-actions.log.gz,8307120
run-0007,-1244279573347436420,129,284,DEMENTE,SOLO_JUGADOR,VICTORIA_ENEMIGA_AGOTAMIENTO,false,27,-887,8,9669,run-0007-actions.log.gz,8870976
run-0008,-136285768041953564,134,67,MUY_FACIL,JUGADOR_Y_ALIADOS,VICTORIA_ENEMIGA_AGOTAMIENTO,false,33,-1086,9,6090,run-0008-actions.log.gz,9353344
run-0009,-5602208011212249016,139,104,FACIL,SOLO_JUGADOR,VICTORIA_JUGADOR,true,27,2899,44,5998,run-0009-actions.log.gz,9449360
run-0010,-5098060004152182681,144,144,NORMAL,JUGADOR_Y_ALIADOS,VICTORIA_TODOS_ALIADOS,true,22,3774,144,5424,run-0010-actions.log.gz,9948104
run-0011,6020691281989664930,149,186,DIFICIL,SOLO_JUGADOR,VICTORIA_ALIADA_POST_MORTEM,true,32,3298,98,9716,run-0011-actions.log.gz,10430472
run-0012,3750959630722737620,154,231,MUY_DIFICIL,JUGADOR_Y_ALIADOS,VICTORIA_ALIADA_POST_MORTEM,true,35,3434,101,10775,run-0012-actions.log.gz,10485760
run-0013,-812503807182510822,159,286,PESADILLA,SOLO_JUGADOR,VICTORIA_ENEMIGA_ELIMINACION,false,31,-1467,0,10833,run-0013-actions.log.gz,10968248
run-0014,1038409407699520803,164,361,DEMENTE,JUGADOR_Y_ALIADOS,VICTORIA_ENEMIGA_ELIMINACION,false,23,-1427,0,10540,run-0014-actions.log.gz,11467016
run-0015,-6621547350596573945,169,85,MUY_FACIL,SOLO_JUGADOR,VICTORIA_ENEMIGA_AGOTAMIENTO,false,34,-1105,11,7632,run-0015-actions.log.gz,12016712
run-0016,8830391095596325432,174,131,FACIL,JUGADOR_Y_ALIADOS,VICTORIA_ENEMIGA_AGOTAMIENTO,false,31,-1068,11,8372,run-0016-actions.log.gz,12530096
run-0017,-9063502156209749873,178,178,NORMAL,SOLO_JUGADOR,VICTORIA_JUGADOR,true,25,3073,56,8419,run-0017-actions.log.gz,12530096
run-0018,-4694375783085109502,183,229,DIFICIL,JUGADOR_Y_ALIADOS,VICTORIA_TODOS_ALIADOS,true,35,4204,183,10220,run-0018-actions.log.gz,13065272
run-0019,-6514805481907760952,188,282,MUY_DIFICIL,SOLO_JUGADOR,VICTORIA_ALIADA_POST_MORTEM,true,23,3566,123,9911,run-0019-actions.log.gz,13547640
run-0020,7410165521509391787,193,347,PESADILLA,JUGADOR_Y_ALIADOS,VICTORIA_ALIADA_POST_MORTEM,true,27,3755,126,12591,run-0020-actions.log.gz,13547640
run-0021,7084391180552821589,198,436,DEMENTE,SOLO_JUGADOR,VICTORIA_ENEMIGA_ELIMINACION,false,23,-1509,0,11834,run-0021-actions.log.gz,14113888
run-0022,4388799601878452631,203,102,MUY_FACIL,JUGADOR_Y_ALIADOS,VICTORIA_ENEMIGA_ELIMINACION,false,31,-1771,0,6752,run-0022-actions.log.gz,14596248
run-0023,8842402642099181393,208,156,FACIL,SOLO_JUGADOR,VICTORIA_ENEMIGA_AGOTAMIENTO,false,28,-1073,13,9298,run-0023-actions.log.gz,14596248
run-0024,8282492684871051545,213,213,NORMAL,JUGADOR_Y_ALIADOS,VICTORIA_ENEMIGA_AGOTAMIENTO,false,31,-1025,14,11620,run-0024-actions.log.gz,15162592
run-0025,4288067742465482477,218,273,DIFICIL,SOLO_JUGADOR,VICTORIA_JUGADOR,true,29,3272,69,12423,run-0025-actions.log.gz,15644968
run-0026,-7734512636631722069,223,335,MUY_DIFICIL,JUGADOR_Y_ALIADOS,VICTORIA_TODOS_ALIADOS,true,30,4701,223,13199,run-0026-actions.log.gz,15728640
run-0027,8978905870848764722,228,410,PESADILLA,SOLO_JUGADOR,VICTORIA_ALIADA_POST_MORTEM,true,32,4186,150,16201,run-0027-actions.log.gz,16211040
run-0028,-4932635911025155697,232,510,DEMENTE,JUGADOR_Y_ALIADOS,VICTORIA_ALIADA_POST_MORTEM,true,29,4131,152,18299,run-0028-actions.log.gz,16693416
run-0029,6619098061217632916,237,119,MUY_FACIL,SOLO_JUGADOR,VICTORIA_ENEMIGA_ELIMINACION,false,22,-1886,0,5916,run-0029-actions.log.gz,17259616
run-0030,-4525811874406683764,242,182,FACIL,JUGADOR_Y_ALIADOS,VICTORIA_ENEMIGA_ELIMINACION,false,31,-1871,0,10353,run-0030-actions.log.gz,17259616
run-0031,1778351559730772268,247,247,NORMAL,SOLO_JUGADOR,VICTORIA_ENEMIGA_AGOTAMIENTO,false,37,-1031,16,16563,run-0031-actions.log.gz,17742048
run-0032,-8875172707498086832,252,315,DIFICIL,JUGADOR_Y_ALIADOS,VICTORIA_ENEMIGA_AGOTAMIENTO,false,19,-959,16,10198,run-0032-actions.log.gz,18308160
run-0033,-4967350343532724914,257,386,MUY_DIFICIL,SOLO_JUGADOR,VICTORIA_JUGADOR,true,35,3476,81,19502,run-0033-actions.log.gz,18790552
run-0034,2602260698797573078,262,472,PESADILLA,JUGADOR_Y_ALIADOS,VICTORIA_TODOS_ALIADOS,true,36,5242,262,20666,run-0034-actions.log.gz,18790552
run-0035,-3489706185610932238,267,587,DEMENTE,SOLO_JUGADOR,VICTORIA_ALIADA_POST_MORTEM,true,31,4658,175,18887,run-0035-actions.log.gz,19356744
run-0036,1161558991433187264,272,136,MUY_FACIL,JUGADOR_Y_ALIADOS,VICTORIA_ALIADA_POST_MORTEM,true,21,3775,178,8035,run-0036-actions.log.gz,19839176
run-0037,2207389175327054285,277,208,FACIL,SOLO_JUGADOR,VICTORIA_ENEMIGA_ELIMINACION,false,33,-1995,0,11934,run-0037-actions.log.gz,19839176
run-0038,4181253397633999629,281,281,NORMAL,JUGADOR_Y_ALIADOS,VICTORIA_ENEMIGA_ELIMINACION,false,25,-1953,0,10653,run-0038-actions.log.gz,20405312
run-0039,6183550290866642488,286,358,DIFICIL,SOLO_JUGADOR,VICTORIA_ENEMIGA_AGOTAMIENTO,false,29,-954,19,15937,run-0039-actions.log.gz,20887736
run-0040,-6632983636201764752,291,437,MUY_DIFICIL,JUGADOR_Y_ALIADOS,VICTORIA_ENEMIGA_AGOTAMIENTO,false,36,-897,19,23538,run-0040-actions.log.gz,20887736
run-0041,-5834898914190356846,296,533,PESADILLA,SOLO_JUGADOR,VICTORIA_JUGADOR,true,26,3740,94,19025,run-0041-actions.log.gz,21453896
run-0042,-7391537094316027557,301,662,DEMENTE,JUGADOR_Y_ALIADOS,VICTORIA_TODOS_ALIADOS,true,31,5900,301,20678,run-0042-actions.log.gz,21936272
run-0043,-8291567344903007828,306,153,MUY_FACIL,SOLO_JUGADOR,VICTORIA_ALIADA_POST_MORTEM,true,21,4014,201,8561,run-0043-actions.log.gz,22020096
run-0044,7352342518391822490,311,233,FACIL,JUGADOR_Y_ALIADOS,VICTORIA_ALIADA_POST_MORTEM,true,21,4065,204,9698,run-0044-actions.log.gz,22518840
run-0045,-1827540860358991976,316,316,NORMAL,SOLO_JUGADOR,VICTORIA_ENEMIGA_ELIMINACION,false,24,-2066,0,13253,run-0045-actions.log.gz,23010416
run-0046,-4466509060168597586,321,401,DIFICIL,JUGADOR_Y_ALIADOS,VICTORIA_ENEMIGA_ELIMINACION,false,39,-2043,0,21345,run-0046-actions.log.gz,23010416
run-0047,3651075242822227861,326,489,MUY_DIFICIL,SOLO_JUGADOR,VICTORIA_ENEMIGA_AGOTAMIENTO,false,31,-876,21,22275,run-0047-actions.log.gz,23551048
run-0048,-8909825741150895405,330,594,PESADILLA,JUGADOR_Y_ALIADOS,VICTORIA_ENEMIGA_AGOTAMIENTO,false,26,-778,22,20719,run-0048-actions.log.gz,24033416
run-0049,6270241455148599337,335,737,DEMENTE,SOLO_JUGADOR,VICTORIA_JUGADOR,true,33,4039,106,29913,run-0049-actions.log.gz,24033416
run-0050,-123594176175080267,340,170,MUY_FACIL,JUGADOR_Y_ALIADOS,VICTORIA_TODOS_ALIADOS,true,38,5182,340,16530,run-0050-actions.log.gz,2418648
run-0051,-3851556650682814190,345,259,FACIL,SOLO_JUGADOR,VICTORIA_ALIADA_POST_MORTEM,true,31,4347,226,16109,run-0051-actions.log.gz,2764624
run-0052,-4541439411489657288,350,350,NORMAL,JUGADOR_Y_ALIADOS,VICTORIA_ALIADA_POST_MORTEM,true,34,4360,230,20382,run-0052-actions.log.gz,3404808
run-0053,-4241203973658948921,355,444,DIFICIL,SOLO_JUGADOR,VICTORIA_ENEMIGA_ELIMINACION,false,24,-2134,0,16728,run-0053-actions.log.gz,3813200
run-0054,-2874357223385217147,360,540,MUY_DIFICIL,JUGADOR_Y_ALIADOS,VICTORIA_ENEMIGA_ELIMINACION,false,32,-2094,0,23232,run-0054-actions.log.gz,4233112
run-0055,9037803022981278966,365,657,PESADILLA,SOLO_JUGADOR,VICTORIA_ENEMIGA_AGOTAMIENTO,false,39,-763,24,34762,run-0055-actions.log.gz,4275288
run-0056,-2405662261988077020,370,814,DEMENTE,JUGADOR_Y_ALIADOS,VICTORIA_ENEMIGA_AGOTAMIENTO,false,36,-628,24,38398,run-0056-actions.log.gz,4861776
run-0057,-3752198694930940040,375,188,MUY_FACIL,SOLO_JUGADOR,VICTORIA_JUGADOR,true,27,3456,119,14340,run-0057-actions.log.gz,5281696
run-0058,-2726270865385051321,380,285,FACIL,JUGADOR_Y_ALIADOS,VICTORIA_TODOS_ALIADOS,true,31,5699,380,17038,run-0058-actions.log.gz,5701608
run-0059,-4063181186633908623,384,384,NORMAL,SOLO_JUGADOR,VICTORIA_ALIADA_POST_MORTEM,true,35,4717,252,20351,run-0059-actions.log.gz,5910352
run-0060,8387942863765526647,389,486,DIFICIL,JUGADOR_Y_ALIADOS,VICTORIA_ALIADA_POST_MORTEM,true,23,4686,255,17758,run-0060-actions.log.gz,6330256
run-0061,-2141614363565481596,394,591,MUY_DIFICIL,SOLO_JUGADOR,VICTORIA_ENEMIGA_ELIMINACION,false,29,-2191,0,23368,run-0061-actions.log.gz,6766648
run-0062,-8813706053079946883,399,718,PESADILLA,JUGADOR_Y_ALIADOS,VICTORIA_ENEMIGA_ELIMINACION,false,36,-2130,0,30802,run-0062-actions.log.gz,6958928
run-0063,4140596818648859392,404,889,DEMENTE,SOLO_JUGADOR,VICTORIA_ENEMIGA_AGOTAMIENTO,false,19,-566,27,22856,run-0063-actions.log.gz,7395208
run-0064,-6545097587767588737,409,205,MUY_FACIL,JUGADOR_Y_ALIADOS,VICTORIA_ENEMIGA_AGOTAMIENTO,false,19,-1190,27,11045,run-0064-actions.log.gz,7815248
run-0065,-3816262951797547969,414,311,FACIL,SOLO_JUGADOR,VICTORIA_JUGADOR,true,30,3665,131,20364,run-0065-actions.log.gz,8007504
run-0066,-1164847326218323305,419,419,NORMAL,JUGADOR_Y_ALIADOS,VICTORIA_TODOS_ALIADOS,true,26,6245,419,18883,run-0066-actions.log.gz,8427408
run-0067,-1154796031594907904,424,530,DIFICIL,SOLO_JUGADOR,VICTORIA_ALIADA_POST_MORTEM,true,23,5133,278,18191,run-0067-actions.log.gz,8847344
run-0068,-6981051366172387813,429,644,MUY_DIFICIL,JUGADOR_Y_ALIADOS,VICTORIA_ALIADA_POST_MORTEM,true,23,5035,282,22093,run-0068-actions.log.gz,9056080
run-0069,3305159688205978394,433,779,PESADILLA,SOLO_JUGADOR,VICTORIA_ENEMIGA_ELIMINACION,false,26,-2212,0,25504,run-0069-actions.log.gz,9696240
run-0070,-2275898189508775228,438,964,DEMENTE,JUGADOR_Y_ALIADOS,VICTORIA_ENEMIGA_ELIMINACION,false,28,-2106,0,33579,run-0070-actions.log.gz,9916464
run-0071,4196866599524618354,443,222,MUY_FACIL,SOLO_JUGADOR,VICTORIA_ENEMIGA_AGOTAMIENTO,false,28,-1213,29,16785,run-0071-actions.log.gz,10524568
run-0072,-3279315362069179241,448,336,FACIL,JUGADOR_Y_ALIADOS,VICTORIA_ENEMIGA_AGOTAMIENTO,false,27,-1118,29,19536,run-0072-actions.log.gz,10944464
run-0073,-4744376953993209321,453,453,NORMAL,SOLO_JUGADOR,VICTORIA_JUGADOR,true,21,3898,143,18383,run-0073-actions.log.gz,10944464
run-0074,-5357724142511357767,458,573,DIFICIL,JUGADOR_Y_ALIADOS,VICTORIA_TODOS_ALIADOS,true,29,6823,458,22481,run-0074-actions.log.gz,11573256
run-0075,-6932476500778530800,463,695,MUY_DIFICIL,SOLO_JUGADOR,VICTORIA_ALIADA_POST_MORTEM,true,25,5563,304,22901,run-0075-actions.log.gz,11573256
run-0076,-5671300080762669883,468,842,PESADILLA,JUGADOR_Y_ALIADOS,VICTORIA_ALIADA_POST_MORTEM,true,29,5402,307,31515,run-0076-actions.log.gz,11993168
run-0077,2558454869836966494,473,1041,DEMENTE,SOLO_JUGADOR,VICTORIA_ENEMIGA_ELIMINACION,false,37,-2201,0,44037,run-0077-actions.log.gz,12632600
run-0078,5533900490189286343,478,239,MUY_FACIL,JUGADOR_Y_ALIADOS,VICTORIA_ENEMIGA_ELIMINACION,false,32,-2776,0,16276,run-0078-actions.log.gz,13052504
run-0079,-6690291889411935706,483,362,FACIL,SOLO_JUGADOR,VICTORIA_ENEMIGA_AGOTAMIENTO,false,28,-1122,32,21568,run-0079-actions.log.gz,13250384
run-0080,-3875720260063710229,487,487,NORMAL,JUGADOR_Y_ALIADOS,VICTORIA_ENEMIGA_AGOTAMIENTO,false,32,-1018,32,27924,run-0080-actions.log.gz,13670288
run-0081,-1299184519449645648,492,615,DIFICIL,SOLO_JUGADOR,VICTORIA_JUGADOR,true,23,4631,156,21290,run-0081-actions.log.gz,14090192
run-0082,-7490598110133428983,497,746,MUY_DIFICIL,JUGADOR_Y_ALIADOS,VICTORIA_TODOS_ALIADOS,true,32,7439,497,29988,run-0082-actions.log.gz,14298960
run-0083,7137195444989419180,502,904,PESADILLA,SOLO_JUGADOR,VICTORIA_ALIADA_POST_MORTEM,true,26,6052,330,30380,run-0083-actions.log.gz,14718928
run-0084,7615561404426912360,507,1115,DEMENTE,JUGADOR_Y_ALIADOS,VICTORIA_ALIADA_POST_MORTEM,true,27,5858,333,38032,run-0084-actions.log.gz,15138840
run-0085,5078404090127982071,512,256,MUY_FACIL,SOLO_JUGADOR,VICTORIA_ENEMIGA_ELIMINACION,false,27,-2895,0,15387,run-0085-actions.log.gz,15347536
run-0086,-2197380412635153280,517,388,FACIL,JUGADOR_Y_ALIADOS,VICTORIA_ENEMIGA_ELIMINACION,false,29,-2825,0,18956,run-0086-actions.log.gz,15987744
run-0087,-1301317480594316990,522,522,NORMAL,SOLO_JUGADOR,VICTORIA_ENEMIGA_AGOTAMIENTO,false,37,-1025,34,33460,run-0087-actions.log.gz,16396112
run-0088,7332714898685565733,527,659,DIFICIL,JUGADOR_Y_ALIADOS,VICTORIA_ENEMIGA_AGOTAMIENTO,false,31,-892,35,32746,run-0088-actions.log.gz,16816016
run-0089,-95610974492342681,532,798,MUY_DIFICIL,SOLO_JUGADOR,VICTORIA_JUGADOR,true,27,5023,168,29307,run-0089-actions.log.gz,17235928
run-0090,7551454223774691592,536,965,PESADILLA,JUGADOR_Y_ALIADOS,VICTORIA_TODOS_ALIADOS,true,31,8151,536,33965,run-0090-actions.log.gz,17444688
run-0091,-474481638624206574,541,1190,DEMENTE,SOLO_JUGADOR,VICTORIA_ALIADA_POST_MORTEM,true,28,6645,355,35922,run-0091-actions.log.gz,17881064
run-0092,3561451727898940781,546,273,MUY_FACIL,JUGADOR_Y_ALIADOS,VICTORIA_ALIADA_POST_MORTEM,true,35,5011,358,26437,run-0092-actions.log.gz,18300968
run-0093,-6012584520204902425,551,413,FACIL,SOLO_JUGADOR,VICTORIA_ENEMIGA_ELIMINACION,false,26,-2940,0,19022,run-0093-actions.log.gz,18921352
run-0094,8396518054659098870,556,556,NORMAL,JUGADOR_Y_ALIADOS,VICTORIA_ENEMIGA_ELIMINACION,false,30,-2864,0,24739,run-0094-actions.log.gz,19341256
run-0095,-7531323368143138221,561,701,DIFICIL,SOLO_JUGADOR,VICTORIA_ENEMIGA_AGOTAMIENTO,false,32,-891,37,36860,run-0095-actions.log.gz,19341256
run-0096,5151024354319703463,566,849,MUY_DIFICIL,JUGADOR_Y_ALIADOS,VICTORIA_ENEMIGA_AGOTAMIENTO,false,24,-753,37,31337,run-0096-actions.log.gz,19961744
run-0097,-6510805032341874746,571,1028,PESADILLA,SOLO_JUGADOR,VICTORIA_JUGADOR,true,32,5493,181,41259,run-0097-actions.log.gz,20381648
run-0098,-2067798033898563491,576,1267,DEMENTE,JUGADOR_Y_ALIADOS,VICTORIA_TODOS_ALIADOS,true,33,9033,576,46283,run-0098-actions.log.gz,20590416
run-0099,-1541961954250300569,581,291,MUY_FACIL,SOLO_JUGADOR,VICTORIA_ALIADA_POST_MORTEM,true,33,5316,381,25322,run-0099-actions.log.gz,21010352
run-0100,4288995807548545038,585,439,FACIL,JUGADOR_Y_ALIADOS,VICTORIA_ALIADA_POST_MORTEM,true,33,5349,384,30001,run-0100-actions.log.gz,21430312
run-0101,-2153802031853118168,590,590,NORMAL,SOLO_JUGADOR,VICTORIA_ENEMIGA_ELIMINACION,false,24,-2970,0,21947,run-0101-actions.log.gz,22058904
run-0102,-1260671930199937469,595,744,DIFICIL,JUGADOR_Y_ALIADOS,VICTORIA_ENEMIGA_ELIMINACION,false,34,-2894,0,33721,run-0102-actions.log.gz,22478808
run-0103,-479925634716096434,600,900,MUY_DIFICIL,SOLO_JUGADOR,VICTORIA_ENEMIGA_AGOTAMIENTO,false,23,-733,40,31988,run-0103-actions.log.gz,22687568
run-0104,-6081325059563978379,605,1089,PESADILLA,JUGADOR_Y_ALIADOS,VICTORIA_ENEMIGA_AGOTAMIENTO,false,31,-575,40,47211,run-0104-actions.log.gz,23107504
run-0105,184601612818144352,610,1342,DEMENTE,SOLO_JUGADOR,VICTORIA_JUGADOR,true,23,6108,193,37280,run-0105-actions.log.gz,23535592
run-0106,5334278632613843585,615,308,MUY_FACIL,JUGADOR_Y_ALIADOS,VICTORIA_TODOS_ALIADOS,true,30,7391,615,23564,run-0106-actions.log.gz,23535592
run-0107,-7400885365878779467,620,465,FACIL,SOLO_JUGADOR,VICTORIA_ALIADA_POST_MORTEM,true,28,5747,407,26465,run-0107-actions.log.gz,24156120
run-0108,1234414314471437839,625,625,NORMAL,JUGADOR_Y_ALIADOS,VICTORIA_ALIADA_POST_MORTEM,true,31,6199,410,31516,run-0108-actions.log.gz,24584232
run-0109,1907005059143480010,630,788,DIFICIL,SOLO_JUGADOR,VICTORIA_ENEMIGA_ELIMINACION,false,39,-3007,0,41432,run-0109-actions.log.gz,24784720
run-0110,5283409439936737653,635,953,MUY_DIFICIL,JUGADOR_Y_ALIADOS,VICTORIA_ENEMIGA_ELIMINACION,false,39,-2911,0,47238,run-0110-actions.log.gz,25204624
run-0111,9066862139192670493,639,1150,PESADILLA,SOLO_JUGADOR,VICTORIA_ENEMIGA_AGOTAMIENTO,false,24,-546,42,37995,run-0111-actions.log.gz,25624536
run-0112,-7546830939774341863,644,1417,DEMENTE,JUGADOR_Y_ALIADOS,VICTORIA_ENEMIGA_AGOTAMIENTO,false,29,-308,43,52257,run-0112-actions.log.gz,26253200
run-0113,-8557532872858878672,649,325,MUY_FACIL,SOLO_JUGADOR,VICTORIA_JUGADOR,true,26,4351,205,23732,run-0113-actions.log.gz,26674248
run-0114,4485382488286839108,654,491,FACIL,JUGADOR_Y_ALIADOS,VICTORIA_TODOS_ALIADOS,true,34,8026,654,32746,run-0114-actions.log.gz,26881872
run-0115,-5682062349810269648,659,659,NORMAL,SOLO_JUGADOR,VICTORIA_ALIADA_POST_MORTEM,true,27,6189,432,27741,run-0115-actions.log.gz,27301936
run-0116,8490825675848621246,664,830,DIFICIL,JUGADOR_Y_ALIADOS,VICTORIA_ALIADA_POST_MORTEM,true,25,6718,435,29529,run-0116-actions.log.gz,27721848
run-0117,-6768414059294364494,669,1004,MUY_DIFICIL,SOLO_JUGADOR,VICTORIA_ENEMIGA_ELIMINACION,false,30,-3004,0,40846,run-0117-actions.log.gz,27930448
run-0118,3312318329892380296,674,1213,PESADILLA,JUGADOR_Y_ALIADOS,VICTORIA_ENEMIGA_ELIMINACION,false,30,-2876,0,45608,run-0118-actions.log.gz,28350352
run-0119,-1695913290235043778,679,1494,DEMENTE,SOLO_JUGADOR,VICTORIA_ENEMIGA_AGOTAMIENTO,false,26,-271,45,49509,run-0119-actions.log.gz,28770256
run-0120,4801697174820596390,684,342,MUY_FACIL,JUGADOR_Y_ALIADOS,VICTORIA_ENEMIGA_AGOTAMIENTO,false,25,-1314,45,23195,run-0120-actions.log.gz,28979024
run-0121,2401724398067941978,688,516,FACIL,SOLO_JUGADOR,VICTORIA_JUGADOR,true,32,4748,218,33178,run-0121-actions.log.gz,29398936
run-0122,-7652038325628768947,693,693,NORMAL,JUGADOR_Y_ALIADOS,VICTORIA_TODOS_ALIADOS,true,33,8704,693,36764,run-0122-actions.log.gz,29818840
run-0123,-4462810190067867749,698,873,DIFICIL,SOLO_JUGADOR,VICTORIA_ALIADA_POST_MORTEM,true,32,6650,458,42597,run-0123-actions.log.gz,30447496
run-0124,4539572715667321893,703,1055,MUY_DIFICIL,JUGADOR_Y_ALIADOS,VICTORIA_ALIADA_POST_MORTEM,true,31,7267,462,43600,run-0124-actions.log.gz,30869696
run-0125,-6816280217662595359,708,1274,PESADILLA,SOLO_JUGADOR,VICTORIA_ENEMIGA_ELIMINACION,false,26,-2966,0,41110,run-0125-actions.log.gz,31076176
run-0126,771511163341276753,713,1569,DEMENTE,JUGADOR_Y_ALIADOS,VICTORIA_ENEMIGA_ELIMINACION,false,34,-2788,0,62024,run-0126-actions.log.gz,31496144
run-0127,8454987721322484860,718,359,MUY_FACIL,SOLO_JUGADOR,VICTORIA_ENEMIGA_AGOTAMIENTO,false,26,-1329,47,25450,run-0127-actions.log.gz,31916048
run-0128,-3855526447009751575,723,542,FACIL,JUGADOR_Y_ALIADOS,VICTORIA_ENEMIGA_AGOTAMIENTO,false,35,-1175,48,39968,run-0128-actions.log.gz,32124752
run-0129,4584193419181386489,728,728,NORMAL,SOLO_JUGADOR,VICTORIA_JUGADOR,true,34,5164,230,41660,run-0129-actions.log.gz,32965584
run-0130,6002610623265727774,733,916,DIFICIL,JUGADOR_Y_ALIADOS,VICTORIA_TODOS_ALIADOS,true,26,9437,733,31449,run-0130-actions.log.gz,33601416
run-0131,-2155222279573721634,738,1107,MUY_DIFICIL,SOLO_JUGADOR,VICTORIA_ALIADA_POST_MORTEM,true,32,7130,484,48353,run-0131-actions.log.gz,33601416
run-0132,8540949245435781629,742,1336,PESADILLA,JUGADOR_Y_ALIADOS,VICTORIA_ALIADA_POST_MORTEM,true,30,7889,487,50214,run-0132-actions.log.gz,34221904
run-0133,841216759388860508,747,1643,DEMENTE,SOLO_JUGADOR,VICTORIA_ENEMIGA_ELIMINACION,false,31,-2869,0,58437,run-0133-actions.log.gz,34641808
run-0134,8349875227306911541,752,376,MUY_FACIL,JUGADOR_Y_ALIADOS,VICTORIA_ENEMIGA_ELIMINACION,false,31,-3775,0,25351,run-0134-actions.log.gz,35061744
run-0135,5300690881072545269,757,568,FACIL,SOLO_JUGADOR,VICTORIA_ENEMIGA_AGOTAMIENTO,false,33,-1179,50,39430,run-0135-actions.log.gz,35270480
run-0136,8863389731553501182,762,762,NORMAL,JUGADOR_Y_ALIADOS,VICTORIA_ENEMIGA_AGOTAMIENTO,false,26,-1006,50,35381,run-0136-actions.log.gz,35690392
run-0137,-1160306763205196697,767,959,DIFICIL,SOLO_JUGADOR,VICTORIA_JUGADOR,true,38,5603,243,53550,run-0137-actions.log.gz,36110296
run-0138,7887374874970218786,772,1158,MUY_DIFICIL,JUGADOR_Y_ALIADOS,VICTORIA_TODOS_ALIADOS,true,26,10194,772,37662,run-0138-actions.log.gz,36738968
run-0139,-3614990932470964730,777,1399,PESADILLA,SOLO_JUGADOR,VICTORIA_ALIADA_POST_MORTEM,true,28,7686,510,48561,run-0139-actions.log.gz,37160016
run-0140,795655057268867730,782,1720,DEMENTE,JUGADOR_Y_ALIADOS,VICTORIA_ALIADA_POST_MORTEM,true,28,8681,513,53836,run-0140-actions.log.gz,37367632
run-0141,3295248814329774324,787,394,MUY_FACIL,SOLO_JUGADOR,VICTORIA_ENEMIGA_ELIMINACION,false,24,-3896,0,22882,run-0141-actions.log.gz,37787536
run-0142,-7480158443139715776,791,593,FACIL,JUGADOR_Y_ALIADOS,VICTORIA_ENEMIGA_ELIMINACION,false,31,-3779,0,31751,run-0142-actions.log.gz,38207472
run-0143,-2531209940468001921,796,796,NORMAL,SOLO_JUGADOR,VICTORIA_ENEMIGA_AGOTAMIENTO,false,24,-997,53,34054,run-0143-actions.log.gz,38416208
run-0144,4595510283366603988,801,1001,DIFICIL,JUGADOR_Y_ALIADOS,VICTORIA_ENEMIGA_AGOTAMIENTO,false,31,-828,53,48881,run-0144-actions.log.gz,38836120
run-0145,7230072891641795411,806,1209,MUY_DIFICIL,SOLO_JUGADOR,VICTORIA_JUGADOR,true,29,6064,255,48694,run-0145-actions.log.gz,39256128
run-0146,4194564494342349396,811,1460,PESADILLA,JUGADOR_Y_ALIADOS,VICTORIA_TODOS_ALIADOS,true,33,11064,811,53644,run-0146-actions.log.gz,39464784
run-0147,-4956101317553277143,816,1795,DEMENTE,SOLO_JUGADOR,VICTORIA_ALIADA_POST_MORTEM,true,34,8351,535,71135,run-0147-actions.log.gz,39884696
run-0148,-2973013737441140876,821,411,MUY_FACIL,JUGADOR_Y_ALIADOS,VICTORIA_ALIADA_POST_MORTEM,true,37,6534,539,37732,run-0148-actions.log.gz,40304632
run-0149,3380791634740244885,826,620,FACIL,SOLO_JUGADOR,VICTORIA_ENEMIGA_ELIMINACION,false,29,-3899,0,31837,run-0149-actions.log.gz,2134168
run-0150,5295243158847575690,831,831,NORMAL,JUGADOR_Y_ALIADOS,VICTORIA_ENEMIGA_ELIMINACION,false,26,-3768,0,36486,run-0150-actions.log.gz,2658456
run-0151,-2048742123378850502,836,1045,DIFICIL,SOLO_JUGADOR,VICTORIA_ENEMIGA_AGOTAMIENTO,false,30,-817,55,48408,run-0151-actions.log.gz,2658456
run-0152,4056982850844879507,840,1260,MUY_DIFICIL,JUGADOR_Y_ALIADOS,VICTORIA_ENEMIGA_AGOTAMIENTO,false,31,-625,56,56881,run-0152-actions.log.gz,3287056
run-0153,-7846592875991758993,845,1521,PESADILLA,SOLO_JUGADOR,VICTORIA_JUGADOR,true,26,6603,267,51954,run-0153-actions.log.gz,3811344
run-0154,7212339480156096598,850,1870,DEMENTE,JUGADOR_Y_ALIADOS,VICTORIA_TODOS_ALIADOS,true,32,12158,850,63268,run-0154-actions.log.gz,3811344
run-0155,-2159846914139475369,855,428,MUY_FACIL,SOLO_JUGADOR,VICTORIA_ALIADA_POST_MORTEM,true,28,6569,561,32390,run-0155-actions.log.gz,4335632
run-0156,-926314276815111955,860,645,FACIL,JUGADOR_Y_ALIADOS,VICTORIA_ALIADA_POST_MORTEM,true,29,7077,564,38471,run-0156-actions.log.gz,4859920
run-0157,5759017579530736713,865,865,NORMAL,SOLO_JUGADOR,VICTORIA_ENEMIGA_ELIMINACION,false,34,-3888,0,45415,run-0157-actions.log.gz,5384208
run-0158,5592658017320193925,870,1088,DIFICIL,JUGADOR_Y_ALIADOS,VICTORIA_ENEMIGA_ELIMINACION,false,21,-3739,0,35687,run-0158-actions.log.gz,5396752
run-0159,4758135149509229938,875,1313,MUY_DIFICIL,SOLO_JUGADOR,VICTORIA_ENEMIGA_AGOTAMIENTO,false,37,-613,58,68829,run-0159-actions.log.gz,5908496
run-0160,-8046661200311148334,880,1584,PESADILLA,JUGADOR_Y_ALIADOS,VICTORIA_ENEMIGA_AGOTAMIENTO,false,26,-366,58,56328,run-0160-actions.log.gz,6432784
run-0161,3568989936260407744,885,1947,DEMENTE,SOLO_JUGADOR,VICTORIA_JUGADOR,true,36,7294,280,79149,run-0161-actions.log.gz,6957072
run-0162,6424459673065174586,890,445,MUY_FACIL,JUGADOR_Y_ALIADOS,VICTORIA_TODOS_ALIADOS,true,37,9583,890,42534,run-0162-actions.log.gz,7481360
run-0163,5260755567333734443,894,671,FACIL,SOLO_JUGADOR,VICTORIA_ALIADA_POST_MORTEM,true,31,7044,587,41165,run-0163-actions.log.gz,7481360
run-0164,3806560960787436125,899,899,NORMAL,JUGADOR_Y_ALIADOS,VICTORIA_ALIADA_POST_MORTEM,true,36,7632,590,53803,run-0164-actions.log.gz,8005648
run-0165,-3243664069947490364,904,1130,DIFICIL,SOLO_JUGADOR,VICTORIA_ENEMIGA_ELIMINACION,false,36,-3860,0,57866,run-0165-actions.log.gz,8782144
run-0166,4702559069980011154,909,1364,MUY_DIFICIL,JUGADOR_Y_ALIADOS,VICTORIA_ENEMIGA_ELIMINACION,false,35,-3717,0,64762,run-0166-actions.log.gz,9054224
run-0167,-7689191432207801174,914,1645,PESADILLA,SOLO_JUGADOR,VICTORIA_ENEMIGA_AGOTAMIENTO,false,28,-337,61,64598,run-0167-actions.log.gz,9578512
run-0168,166978726179975541,919,2022,DEMENTE,JUGADOR_Y_ALIADOS,VICTORIA_ENEMIGA_AGOTAMIENTO,false,36,-13,61,91522,run-0168-actions.log.gz,10102800
run-0169,2299345778453801773,924,462,MUY_FACIL,SOLO_JUGADOR,VICTORIA_JUGADOR,true,24,5044,292,30852,run-0169-actions.log.gz,10627088
run-0170,5002751278004724366,929,697,FACIL,JUGADOR_Y_ALIADOS,VICTORIA_TODOS_ALIADOS,true,35,10362,929,45446,run-0170-actions.log.gz,10627088
run-0171,-1864001023556890587,934,934,NORMAL,SOLO_JUGADOR,VICTORIA_ALIADA_POST_MORTEM,true,28,7535,613,46122,run-0171-actions.log.gz,11151376
run-0172,4318570114174840516,939,1174,DIFICIL,JUGADOR_Y_ALIADOS,VICTORIA_ALIADA_POST_MORTEM,true,32,8214,616,55327,run-0172-actions.log.gz,11675664
run-0173,-2585251024801002312,943,1415,MUY_DIFICIL,SOLO_JUGADOR,VICTORIA_ENEMIGA_ELIMINACION,false,20,-3802,0,40410,run-0173-actions.log.gz,12199952
run-0174,8229317514069429732,948,1706,PESADILLA,JUGADOR_Y_ALIADOS,VICTORIA_ENEMIGA_ELIMINACION,false,32,-3630,0,70990,run-0174-actions.log.gz,12199952
run-0175,-2680026936682709768,953,2097,DEMENTE,SOLO_JUGADOR,VICTORIA_ENEMIGA_AGOTAMIENTO,false,31,30,63,86049,run-0175-actions.log.gz,12724240
run-0176,9061917389884671950,958,479,MUY_FACIL,JUGADOR_Y_ALIADOS,VICTORIA_ENEMIGA_AGOTAMIENTO,false,28,-1431,63,36749,run-0176-actions.log.gz,13248528
run-0177,4949499562712354030,963,722,FACIL,SOLO_JUGADOR,VICTORIA_JUGADOR,true,26,5501,305,38631,run-0177-actions.log.gz,13248528
run-0178,6913888827778189496,968,968,NORMAL,JUGADOR_Y_ALIADOS,VICTORIA_TODOS_ALIADOS,true,32,11180,968,51822,run-0178-actions.log.gz,13772816
run-0179,-462249596767755147,973,1216,DIFICIL,SOLO_JUGADOR,VICTORIA_ALIADA_POST_MORTEM,true,23,8038,639,46232,run-0179-actions.log.gz,14297104
run-0180,8481556959748852608,978,1467,MUY_DIFICIL,JUGADOR_Y_ALIADOS,VICTORIA_ALIADA_POST_MORTEM,true,22,8814,642,45214,run-0180-actions.log.gz,14297104
run-0181,4191599809609641572,983,1769,PESADILLA,SOLO_JUGADOR,VICTORIA_ENEMIGA_ELIMINACION,false,32,-3726,0,71210,run-0181-actions.log.gz,14821392
run-0182,-1010305918650728224,988,2174,DEMENTE,JUGADOR_Y_ALIADOS,VICTORIA_ENEMIGA_ELIMINACION,false,33,-3463,0,86243,run-0182-actions.log.gz,15345680
run-0183,4696531939615600483,993,497,MUY_FACIL,SOLO_JUGADOR,VICTORIA_ENEMIGA_AGOTAMIENTO,false,25,-1439,66,33984,run-0183-actions.log.gz,15345680
run-0184,-6961951603306863374,997,748,FACIL,JUGADOR_Y_ALIADOS,VICTORIA_ENEMIGA_AGOTAMIENTO,false,33,-1225,66,50519,run-0184-actions.log.gz,15869968
run-0185,-4646693114912250954,1002,1002,NORMAL,SOLO_JUGADOR,VICTORIA_JUGADOR,true,24,5965,317,42797,run-0185-actions.log.gz,16394256
run-0186,-5841129931685138292,1007,1259,DIFICIL,JUGADOR_Y_ALIADOS,VICTORIA_TODOS_ALIADOS,true,36,12031,1007,58322,run-0186-actions.log.gz,16394256
run-0187,-8369036696459715910,1012,1518,MUY_DIFICIL,SOLO_JUGADOR,VICTORIA_ALIADA_POST_MORTEM,true,36,8520,664,74643,run-0187-actions.log.gz,16918544
run-0188,-6339736506620883539,1017,1831,PESADILLA,JUGADOR_Y_ALIADOS,VICTORIA_ALIADA_POST_MORTEM,true,27,9484,667,63483,run-0188-actions.log.gz,17695048
run-0189,-5930355335424074827,1022,2248,DEMENTE,SOLO_JUGADOR,VICTORIA_ENEMIGA_ELIMINACION,false,35,-3549,0,95755,run-0189-actions.log.gz,18219336
run-0190,1680440485584092106,1027,514,MUY_FACIL,JUGADOR_Y_ALIADOS,VICTORIA_ENEMIGA_ELIMINACION,false,28,-4776,0,34820,run-0190-actions.log.gz,18219336
run-0191,8477330849764412206,1032,774,FACIL,SOLO_JUGADOR,VICTORIA_ENEMIGA_AGOTAMIENTO,false,32,-1236,68,49456,run-0191-actions.log.gz,19015696
run-0192,-1424618036214433281,1037,1037,NORMAL,JUGADOR_Y_ALIADOS,VICTORIA_ENEMIGA_AGOTAMIENTO,false,39,-1002,69,69797,run-0192-actions.log.gz,19015696
run-0193,598439553977303113,1042,1303,DIFICIL,SOLO_JUGADOR,VICTORIA_JUGADOR,true,30,6444,330,62113,run-0193-actions.log.gz,19792184
run-0194,1663853378320566581,1046,1569,MUY_DIFICIL,JUGADOR_Y_ALIADOS,VICTORIA_TODOS_ALIADOS,true,27,12933,1046,51806,run-0194-actions.log.gz,20316472
run-0195,-4453338319563027150,1051,1892,PESADILLA,SOLO_JUGADOR,VICTORIA_ALIADA_POST_MORTEM,true,23,9107,690,56342,run-0195-actions.log.gz,20588560
run-0196,-5130792020439406552,1056,2323,DEMENTE,JUGADOR_Y_ALIADOS,VICTORIA_ALIADA_POST_MORTEM,true,27,10336,693,72554,run-0196-actions.log.gz,21112848
run-0197,643155989661899289,1061,531,MUY_FACIL,SOLO_JUGADOR,VICTORIA_ENEMIGA_ELIMINACION,false,31,-4903,0,32659,run-0197-actions.log.gz,21637136
run-0198,1214510727167666441,1066,800,FACIL,JUGADOR_Y_ALIADOS,VICTORIA_ENEMIGA_ELIMINACION,false,33,-4737,0,42511,run-0198-actions.log.gz,21637136
run-0199,-7566096885970334843,1071,1071,NORMAL,SOLO_JUGADOR,VICTORIA_ENEMIGA_AGOTAMIENTO,false,37,-1004,71,71707,run-0199-actions.log.gz,22161424
run-0200,2501801463415289932,1076,1345,DIFICIL,JUGADOR_Y_ALIADOS,VICTORIA_ENEMIGA_AGOTAMIENTO,false,30,-755,71,65332,run-0200-actions.log.gz,22685712
run-0201,-1751590797265336532,1081,1622,MUY_DIFICIL,SOLO_JUGADOR,VICTORIA_JUGADOR,true,21,6935,342,51215,run-0201-actions.log.gz,23210000
run-0202,2766716395243307022,1086,1955,PESADILLA,JUGADOR_Y_ALIADOS,VICTORIA_TODOS_ALIADOS,true,37,13975,1086,87572,run-0202-actions.log.gz,23210000
run-0203,2692850367832865760,1091,2400,DEMENTE,SOLO_JUGADOR,VICTORIA_ALIADA_POST_MORTEM,true,22,9816,716,67903,run-0203-actions.log.gz,23734288
run-0204,-223774781244436116,1095,548,MUY_FACIL,JUGADOR_Y_ALIADOS,VICTORIA_ALIADA_POST_MORTEM,true,33,7774,719,45722,run-0204-actions.log.gz,23734288
run-0205,4424539255355460906,1100,825,FACIL,SOLO_JUGADOR,VICTORIA_ENEMIGA_ELIMINACION,false,25,-4847,0,36753,run-0205-actions.log.gz,24274976
run-0206,401833798472955782,1105,1105,NORMAL,JUGADOR_Y_ALIADOS,VICTORIA_ENEMIGA_ELIMINACION,false,31,-4677,0,51367,run-0206-actions.log.gz,24782864
run-0207,3388898498648868387,1110,1388,DIFICIL,SOLO_JUGADOR,VICTORIA_ENEMIGA_AGOTAMIENTO,false,38,-750,74,81268,run-0207-actions.log.gz,25325600
run-0208,-19169322340128503,1115,1673,MUY_DIFICIL,JUGADOR_Y_ALIADOS,VICTORIA_ENEMIGA_AGOTAMIENTO,false,24,-484,74,62838,run-0208-actions.log.gz,25325600
run-0209,-2368819130817635817,1120,2016,PESADILLA,SOLO_JUGADOR,VICTORIA_JUGADOR,true,37,7483,354,95801,run-0209-actions.log.gz,25831440
run-0210,8097741577867372744,1125,2475,DEMENTE,JUGADOR_Y_ALIADOS,VICTORIA_TODOS_ALIADOS,true,33,15292,1125,83847,run-0210-actions.log.gz,26355728
run-0211,-614626552034561540,1130,565,MUY_FACIL,SOLO_JUGADOR,VICTORIA_ALIADA_POST_MORTEM,true,37,7744,741,57532,run-0211-actions.log.gz,26880016
run-0212,-5726119363409544463,1135,851,FACIL,JUGADOR_Y_ALIADOS,VICTORIA_ALIADA_POST_MORTEM,true,27,8366,745,48549,run-0212-actions.log.gz,27404304
run-0213,-7930571362487006246,1140,1140,NORMAL,SOLO_JUGADOR,VICTORIA_ENEMIGA_ELIMINACION,false,24,-4786,0,46243,run-0213-actions.log.gz,27404304
run-0214,-2362477197204780917,1145,1431,DIFICIL,JUGADOR_Y_ALIADOS,VICTORIA_ENEMIGA_ELIMINACION,false,28,-4606,0,53474,run-0214-actions.log.gz,27928592
run-0215,5328045700813543708,1149,1724,MUY_DIFICIL,SOLO_JUGADOR,VICTORIA_ENEMIGA_AGOTAMIENTO,false,21,-469,76,54884,run-0215-actions.log.gz,27928592
run-0216,7185399966107110958,1154,2077,PESADILLA,JUGADOR_Y_ALIADOS,VICTORIA_ENEMIGA_AGOTAMIENTO,false,28,-155,77,76864,run-0216-actions.log.gz,28469280
run-0217,7189816877545822525,1159,2550,DEMENTE,SOLO_JUGADOR,VICTORIA_JUGADOR,true,36,8223,367,109544,run-0217-actions.log.gz,28977168
run-0218,-8059503175801509552,1164,582,MUY_FACIL,JUGADOR_Y_ALIADOS,VICTORIA_TODOS_ALIADOS,true,37,11775,1164,57947,run-0218-actions.log.gz,29519904
run-0219,-9156818930989590891,1169,877,FACIL,SOLO_JUGADOR,VICTORIA_ALIADA_POST_MORTEM,true,28,8249,767,51369,run-0219-actions.log.gz,29519904
run-0220,-5907763864224811214,1174,1174,NORMAL,JUGADOR_Y_ALIADOS,VICTORIA_ALIADA_POST_MORTEM,true,29,8960,771,59028,run-0220-actions.log.gz,30025744
run-0221,2471980733450669034,1179,1474,DIFICIL,SOLO_JUGADOR,VICTORIA_ENEMIGA_ELIMINACION,false,28,-4712,0,59310,run-0221-actions.log.gz,30550032
run-0222,4084851764328514624,1184,1776,MUY_DIFICIL,JUGADOR_Y_ALIADOS,VICTORIA_ENEMIGA_ELIMINACION,false,37,-4529,0,87530,run-0222-actions.log.gz,30550032
run-0223,-4129510936070978404,1189,2140,PESADILLA,SOLO_JUGADOR,VICTORIA_ENEMIGA_AGOTAMIENTO,false,34,-139,79,101432,run-0223-actions.log.gz,31074320
run-0224,6986829105309479426,1194,2627,DEMENTE,JUGADOR_Y_ALIADOS,VICTORIA_ENEMIGA_AGOTAMIENTO,false,34,291,79,117735,run-0224-actions.log.gz,31598608
run-0225,2035149241431966577,1198,599,MUY_FACIL,SOLO_JUGADOR,VICTORIA_JUGADOR,true,31,5670,379,50899,run-0225-actions.log.gz,32122896
run-0226,2056149765403802924,1203,902,FACIL,JUGADOR_Y_ALIADOS,VICTORIA_TODOS_ALIADOS,true,18,12707,1203,32498,run-0226-actions.log.gz,32647184
run-0227,1428430767306458684,1208,1208,NORMAL,SOLO_JUGADOR,VICTORIA_ALIADA_POST_MORTEM,true,21,9715,792,41297,run-0227-actions.log.gz,32647184
run-0228,3716165794132029206,1213,1516,DIFICIL,JUGADOR_Y_ALIADOS,VICTORIA_ALIADA_POST_MORTEM,true,29,9555,796,66163,run-0228-actions.log.gz,33171472
run-0229,-4614913604452517884,1218,1827,MUY_DIFICIL,SOLO_JUGADOR,VICTORIA_ENEMIGA_ELIMINACION,false,36,-4630,0,87020,run-0229-actions.log.gz,33171472
run-0230,8705284519618312988,1223,2201,PESADILLA,JUGADOR_Y_ALIADOS,VICTORIA_ENEMIGA_ELIMINACION,false,30,-4382,0,77760,run-0230-actions.log.gz,33695760
run-0231,6603288426745277995,1228,2702,DEMENTE,SOLO_JUGADOR,VICTORIA_ENEMIGA_AGOTAMIENTO,false,32,331,81,115659,run-0231-actions.log.gz,34220048
run-0232,6997126086613502662,1233,617,MUY_FACIL,JUGADOR_Y_ALIADOS,VICTORIA_ENEMIGA_AGOTAMIENTO,false,30,-1544,82,50071,run-0232-actions.log.gz,34744336
run-0233,-4008927447518561059,1238,929,FACIL,SOLO_JUGADOR,VICTORIA_JUGADOR,true,28,6158,392,56577,run-0233-actions.log.gz,34744336
run-0234,-3018224682921488342,1243,1243,NORMAL,JUGADOR_Y_ALIADOS,VICTORIA_TODOS_ALIADOS,true,27,13660,1243,52856,run-0234-actions.log.gz,35268624
run-0235,-2087437994374586783,1248,1560,DIFICIL,SOLO_JUGADOR,VICTORIA_ALIADA_POST_MORTEM,true,27,10496,819,59293,run-0235-actions.log.gz,35792912
run-0236,7119025678027325295,1252,1878,MUY_DIFICIL,JUGADOR_Y_ALIADOS,VICTORIA_ALIADA_POST_MORTEM,true,32,10160,822,88327,run-0236-actions.log.gz,35792912
run-0237,-7999804895914811982,1257,2263,PESADILLA,SOLO_JUGADOR,VICTORIA_ENEMIGA_ELIMINACION,false,31,-4475,0,83457,run-0237-actions.log.gz,36317200
run-0238,-539077249655661080,1262,2776,DEMENTE,JUGADOR_Y_ALIADOS,VICTORIA_ENEMIGA_ELIMINACION,false,39,-4143,0,124326,run-0238-actions.log.gz,36841488
run-0239,2501041116500974114,1267,634,MUY_FACIL,SOLO_JUGADOR,VICTORIA_ENEMIGA_AGOTAMIENTO,false,35,-1565,84,59872,run-0239-actions.log.gz,37365776
run-0240,1223728220387483031,1272,954,FACIL,JUGADOR_Y_ALIADOS,VICTORIA_ENEMIGA_AGOTAMIENTO,false,26,-1276,84,52751,run-0240-actions.log.gz,37890064
run-0241,2244572164977724695,1277,1277,NORMAL,SOLO_JUGADOR,VICTORIA_JUGADOR,true,28,6636,404,64554,run-0241-actions.log.gz,37890064
run-0242,5450786952710479822,1282,1603,DIFICIL,JUGADOR_Y_ALIADOS,VICTORIA_TODOS_ALIADOS,true,29,14651,1282,63979,run-0242-actions.log.gz,38414352
run-0243,-298022289808981521,1287,1931,MUY_DIFICIL,SOLO_JUGADOR,VICTORIA_ALIADA_POST_MORTEM,true,30,11291,845,72066,run-0243-actions.log.gz,38938640
run-0244,6414053334357404447,1292,2326,PESADILLA,JUGADOR_Y_ALIADOS,VICTORIA_ALIADA_POST_MORTEM,true,34,10856,848,95742,run-0244-actions.log.gz,38938640
run-0245,7294887664876707479,1297,2853,DEMENTE,SOLO_JUGADOR,VICTORIA_ENEMIGA_ELIMINACION,false,30,-4220,0,98434,run-0245-actions.log.gz,39462928
run-0246,-6418141620721456460,1301,651,MUY_FACIL,JUGADOR_Y_ALIADOS,VICTORIA_ENEMIGA_ELIMINACION,false,35,-5783,0,47075,run-0246-actions.log.gz,39987216
run-0247,-5181049340124787041,1306,980,FACIL,SOLO_JUGADOR,VICTORIA_ENEMIGA_AGOTAMIENTO,false,30,-1279,87,60990,run-0247-actions.log.gz,40511504
run-0248,6479163377876148764,1311,1311,NORMAL,JUGADOR_Y_ALIADOS,VICTORIA_ENEMIGA_AGOTAMIENTO,false,26,-985,87,63545,run-0248-actions.log.gz,40511504
run-0249,-3116820529435493556,1316,1645,DIFICIL,SOLO_JUGADOR,VICTORIA_JUGADOR,true,27,7126,417,71939,run-0249-actions.log.gz,41035792
run-0250,-2592477797704952211,1321,1982,MUY_DIFICIL,JUGADOR_Y_ALIADOS,VICTORIA_TODOS_ALIADOS,true,30,15681,1321,73686,run-0250-actions.log.gz,41560080
run-0251,-2496114023583659167,1326,2387,PESADILLA,SOLO_JUGADOR,VICTORIA_ALIADA_POST_MORTEM,true,25,12211,870,69900,run-0251-actions.log.gz,41560080
run-0252,7785741610170781798,1331,2928,DEMENTE,JUGADOR_Y_ALIADOS,VICTORIA_ALIADA_POST_MORTEM,true,28,11725,873,95975,run-0252-actions.log.gz,42084368
run-0253,4337159268601673099,1336,668,MUY_FACIL,SOLO_JUGADOR,VICTORIA_ENEMIGA_ELIMINACION,false,28,-5904,0,41342,run-0253-actions.log.gz,42608656
run-0254,6066790784984988345,1341,1006,FACIL,JUGADOR_Y_ALIADOS,VICTORIA_ENEMIGA_ELIMINACION,false,31,-5691,0,54692,run-0254-actions.log.gz,42860872
run-0255,7402509945168381794,1346,1346,NORMAL,SOLO_JUGADOR,VICTORIA_ENEMIGA_AGOTAMIENTO,false,25,-982,89,61413,run-0255-actions.log.gz,43385160
run-0256,5614777024759298747,1350,1688,DIFICIL,JUGADOR_Y_ALIADOS,VICTORIA_ENEMIGA_AGOTAMIENTO,false,31,-681,90,82540,run-0256-actions.log.gz,43385160
run-0257,-1107604551595100120,1355,2033,MUY_DIFICIL,SOLO_JUGADOR,VICTORIA_JUGADOR,true,26,7607,429,78644,run-0257-actions.log.gz,44181520
run-0258,8915393408354483348,1360,2448,PESADILLA,JUGADOR_Y_ALIADOS,VICTORIA_TODOS_ALIADOS,true,27,16889,1360,78365,run-0258-actions.log.gz,44181520
run-0259,5721843898504657792,1365,3003,DEMENTE,SOLO_JUGADOR,VICTORIA_ALIADA_POST_MORTEM,true,34,13380,896,110334,run-0259-actions.log.gz,44705808
run-0260,-2731524144353023472,1370,685,MUY_FACIL,JUGADOR_Y_ALIADOS,VICTORIA_ALIADA_POST_MORTEM,true,35,8942,899,63914,run-0260-actions.log.gz,45230096
run-0261,-4833284572166804800,1375,1031,FACIL,SOLO_JUGADOR,VICTORIA_ENEMIGA_ELIMINACION,false,28,-5806,0,54016,run-0261-actions.log.gz,45754384
run-0262,-46952994121475644,1380,1380,NORMAL,JUGADOR_Y_ALIADOS,VICTORIA_ENEMIGA_ELIMINACION,false,32,-5586,0,69719,run-0262-actions.log.gz,45754384
run-0263,-1838621899721089712,1385,1731,DIFICIL,SOLO_JUGADOR,VICTORIA_ENEMIGA_AGOTAMIENTO,false,27,-669,92,75285,run-0263-actions.log.gz,46278672
run-0264,7801509609254182035,1390,2085,MUY_DIFICIL,JUGADOR_Y_ALIADOS,VICTORIA_ENEMIGA_AGOTAMIENTO,false,25,-357,92,77399,run-0264-actions.log.gz,46802960
run-0265,5005203804073366409,1395,2511,PESADILLA,SOLO_JUGADOR,VICTORIA_JUGADOR,true,36,8164,442,127271,run-0265-actions.log.gz,46802960
run-0266,-2254321406823039799,1400,3080,DEMENTE,JUGADOR_Y_ALIADOS,VICTORIA_TODOS_ALIADOS,true,26,18434,1400,84448,run-0266-actions.log.gz,47327248
run-0267,6572023268216396744,1404,702,MUY_FACIL,SOLO_JUGADOR,VICTORIA_ALIADA_POST_MORTEM,true,33,9436,921,56302,run-0267-actions.log.gz,47851536
run-0268,3559681299476228780,1409,1057,FACIL,JUGADOR_Y_ALIADOS,VICTORIA_ALIADA_POST_MORTEM,true,39,9531,924,82137,run-0268-actions.log.gz,47851536
run-0269,-4155266406005752559,1414,1414,NORMAL,SOLO_JUGADOR,VICTORIA_ENEMIGA_ELIMINACION,false,28,-5694,0,63903,run-0269-actions.log.gz,48375824
run-0270,8551001874025274164,1419,1774,DIFICIL,JUGADOR_Y_ALIADOS,VICTORIA_ENEMIGA_ELIMINACION,false,31,-5465,0,72826,run-0270-actions.log.gz,48900112
run-0271,-166962374427539833,1424,2136,MUY_DIFICIL,SOLO_JUGADOR,VICTORIA_ENEMIGA_AGOTAMIENTO,false,31,-340,95,100879,run-0271-actions.log.gz,49442848
run-0272,-4349275891252531020,1429,2572,PESADILLA,JUGADOR_Y_ALIADOS,VICTORIA_ENEMIGA_AGOTAMIENTO,false,30,45,95,107362,run-0272-actions.log.gz,49442848
run-0273,-5867701679299256966,1434,3155,DEMENTE,SOLO_JUGADOR,VICTORIA_JUGADOR,true,29,8885,454,117622,run-0273-actions.log.gz,49948688
run-0274,3103350961969466159,1439,720,MUY_FACIL,JUGADOR_Y_ALIADOS,VICTORIA_TODOS_ALIADOS,true,32,13981,1439,59403,run-0274-actions.log.gz,50472976
run-0275,4691041224268013146,1444,1083,FACIL,SOLO_JUGADOR,VICTORIA_ALIADA_POST_MORTEM,true,35,10231,948,74253,run-0275-actions.log.gz,50472976
run-0276,-7572009569845046787,1449,1449,NORMAL,JUGADOR_Y_ALIADOS,VICTORIA_ALIADA_POST_MORTEM,true,39,10138,951,97226,run-0276-actions.log.gz,50997264
run-0277,-3364076299802191426,1453,1816,DIFICIL,SOLO_JUGADOR,VICTORIA_ENEMIGA_ELIMINACION,false,37,-5577,0,88959,run-0277-actions.log.gz,51521552
run-0278,7871065169177293313,1458,2187,MUY_DIFICIL,JUGADOR_Y_ALIADOS,VICTORIA_ENEMIGA_ELIMINACION,false,27,-5329,0,83552,run-0278-actions.log.gz,52045840
run-0279,-176111641403540757,1463,2633,PESADILLA,SOLO_JUGADOR,VICTORIA_ENEMIGA_AGOTAMIENTO,false,30,71,97,110853,run-0279-actions.log.gz,52045840
run-0280,-7134507623136611653,1468,3230,DEMENTE,JUGADOR_Y_ALIADOS,VICTORIA_ENEMIGA_AGOTAMIENTO,false,22,609,97,97070,run-0280-actions.log.gz,52570128
run-0281,4814602006032187998,1473,737,MUY_FACIL,SOLO_JUGADOR,VICTORIA_JUGADOR,true,23,6835,466,46341,run-0281-actions.log.gz,53094416
run-0282,-642563677002494024,1478,1109,FACIL,JUGADOR_Y_ALIADOS,VICTORIA_TODOS_ALIADOS,true,24,15040,1478,49361,run-0282-actions.log.gz,53094416
run-0283,9089446157067137,1483,1483,NORMAL,SOLO_JUGADOR,VICTORIA_ALIADA_POST_MORTEM,true,33,11024,973,74543,run-0283-actions.log.gz,53618704
run-0284,2932138586316059782,1488,1860,DIFICIL,JUGADOR_Y_ALIADOS,VICTORIA_ALIADA_POST_MORTEM,true,36,10732,976,103638,run-0284-actions.log.gz,54142992
run-0285,-2871999730216965571,1493,2240,MUY_DIFICIL,SOLO_JUGADOR,VICTORIA_ENEMIGA_ELIMINACION,false,33,-5437,0,96599,run-0285-actions.log.gz,54142992
run-0286,5125558663359683700,1498,2696,PESADILLA,JUGADOR_Y_ALIADOS,VICTORIA_ENEMIGA_ELIMINACION,false,35,-5139,0,122323,run-0286-actions.log.gz,54667280
run-0287,-4859385049620450994,1503,3307,DEMENTE,SOLO_JUGADOR,VICTORIA_ENEMIGA_AGOTAMIENTO,false,34,638,100,145172,run-0287-actions.log.gz,55191568
run-0288,6962692287767779276,1507,754,MUY_FACIL,JUGADOR_Y_ALIADOS,VICTORIA_ENEMIGA_AGOTAMIENTO,false,24,-1654,100,50134,run-0288-actions.log.gz,55715856
run-0289,2962508074934473169,1512,1134,FACIL,SOLO_JUGADOR,VICTORIA_JUGADOR,true,30,7623,479,65409,run-0289-actions.log.gz,55715856
run-0290,6021853697717447806,1517,1517,NORMAL,JUGADOR_Y_ALIADOS,VICTORIA_TODOS_ALIADOS,true,23,16130,1517,54637,run-0290-actions.log.gz,56240144
run-0291,-2937298860065309524,1522,1903,DIFICIL,SOLO_JUGADOR,VICTORIA_ALIADA_POST_MORTEM,true,25,11836,999,73377,run-0291-actions.log.gz,56773664
run-0292,393539263417328154,1527,2291,MUY_DIFICIL,JUGADOR_Y_ALIADOS,VICTORIA_ALIADA_POST_MORTEM,true,32,11334,1002,106430,run-0292-actions.log.gz,56773664
run-0293,2401076934685789704,1532,2758,PESADILLA,SOLO_JUGADOR,VICTORIA_ENEMIGA_ELIMINACION,false,24,-5222,0,84147,run-0293-actions.log.gz,57288720
run-0294,-2577729177824324102,1537,3381,DEMENTE,JUGADOR_Y_ALIADOS,VICTORIA_ENEMIGA_ELIMINACION,false,27,-4809,0,110059,run-0294-actions.log.gz,57288720
run-0295,-3634726163964361577,1542,771,MUY_FACIL,SOLO_JUGADOR,VICTORIA_ENEMIGA_AGOTAMIENTO,false,32,-1680,102,66805,run-0295-actions.log.gz,57829408
run-0296,-5414705532779662619,1547,1160,FACIL,JUGADOR_Y_ALIADOS,VICTORIA_ENEMIGA_AGOTAMIENTO,false,31,-1326,103,72937,run-0296-actions.log.gz,58337296
run-0297,4326945474396726486,1552,1552,NORMAL,SOLO_JUGADOR,VICTORIA_JUGADOR,true,36,8417,491,89790,run-0297-actions.log.gz,58861584
run-0298,1141214894878294351,1556,1945,DIFICIL,JUGADOR_Y_ALIADOS,VICTORIA_TODOS_ALIADOS,true,30,17252,1556,84834,run-0298-actions.log.gz,58861584
run-0299,5796776014294150905,1561,2342,MUY_DIFICIL,SOLO_JUGADOR,VICTORIA_ALIADA_POST_MORTEM,true,23,12641,1024,73730,run-0299-actions.log.gz,59385872
run-0300,-6582982648734373727,1566,2819,PESADILLA,JUGADOR_Y_ALIADOS,VICTORIA_ALIADA_POST_MORTEM,true,31,12009,1028,113451,run-0300-actions.log.gz,59910160
run-0301,3482374855245395272,1571,3456,DEMENTE,SOLO_JUGADOR,VICTORIA_ENEMIGA_ELIMINACION,false,29,-4893,0,121132,run-0301-actions.log.gz,59910160
run-0302,986087968637536718,1576,788,MUY_FACIL,JUGADOR_Y_ALIADOS,VICTORIA_ENEMIGA_ELIMINACION,false,30,-6782,0,52584,run-0302-actions.log.gz,60434448
run-0303,7744273819870353045,1581,1186,FACIL,SOLO_JUGADOR,VICTORIA_ENEMIGA_AGOTAMIENTO,false,31,-1336,105,75527,run-0303-actions.log.gz,60958736
run-0304,-2090433138053676719,1586,1586,NORMAL,JUGADOR_Y_ALIADOS,VICTORIA_ENEMIGA_AGOTAMIENTO,false,35,-984,105,95939,run-0304-actions.log.gz,60958736
run-0305,-3255796156854092066,1591,1989,DIFICIL,SOLO_JUGADOR,VICTORIA_JUGADOR,true,34,9234,504,103579,run-0305-actions.log.gz,61483024
run-0306,-4641305909990815689,1596,2394,MUY_DIFICIL,JUGADOR_Y_ALIADOS,VICTORIA_TODOS_ALIADOS,true,24,18436,1596,71846,run-0306-actions.log.gz,62007312
run-0307,-1988331242281554793,1601,2882,PESADILLA,SOLO_JUGADOR,VICTORIA_ALIADA_POST_MORTEM,true,21,13583,1050,73476,run-0307-actions.log.gz,62531600
run-0308,887964361730181229,1605,3531,DEMENTE,JUGADOR_Y_ALIADOS,VICTORIA_ALIADA_POST_MORTEM,true,24,15671,1053,95315,run-0308-actions.log.gz,62531600
run-0309,2842510294296000529,1610,805,MUY_FACIL,SOLO_JUGADOR,VICTORIA_ENEMIGA_ELIMINACION,false,33,-6909,0,58120,run-0309-actions.log.gz,63055888
run-0310,7716590490441356818,1615,1211,FACIL,JUGADOR_Y_ALIADOS,VICTORIA_ENEMIGA_ELIMINACION,false,30,-6642,0,65028,run-0310-actions.log.gz,63055888
run-0311,-7049317484474819318,1620,1620,NORMAL,SOLO_JUGADOR,VICTORIA_ENEMIGA_AGOTAMIENTO,false,22,-968,108,65430,run-0311-actions.log.gz,63580176
run-0312,3140743405278434401,1625,2031,DIFICIL,JUGADOR_Y_ALIADOS,VICTORIA_ENEMIGA_AGOTAMIENTO,false,31,-611,108,104454,run-0312-actions.log.gz,63580176
run-0313,-4587617424162495060,1630,2445,MUY_DIFICIL,SOLO_JUGADOR,VICTORIA_JUGADOR,true,23,10059,516,79479,run-0313-actions.log.gz,64104464
run-0314,-6324326487406096345,1635,2943,PESADILLA,JUGADOR_Y_ALIADOS,VICTORIA_TODOS_ALIADOS,true,30,19801,1635,95843,run-0314-actions.log.gz,64628752
run-0315,5213513643191709631,1640,3608,DEMENTE,SOLO_JUGADOR,VICTORIA_ALIADA_POST_MORTEM,true,31,14767,1076,128482,run-0315-actions.log.gz,64628752
run-0316,-6115416122774324187,1645,823,MUY_FACIL,JUGADOR_Y_ALIADOS,VICTORIA_ALIADA_POST_MORTEM,true,37,10721,1080,75174,run-0316-actions.log.gz,65153040
run-0317,1537581255176076878,1650,1238,FACIL,SOLO_JUGADOR,VICTORIA_ENEMIGA_ELIMINACION,false,33,-6767,0,72009,run-0317-actions.log.gz,65677328
run-0318,-7123574931462940479,1655,1655,NORMAL,JUGADOR_Y_ALIADOS,VICTORIA_ENEMIGA_ELIMINACION,false,23,-6485,0,60483,run-0318-actions.log.gz,66201616
run-0319,-3510781209524377386,1659,2074,DIFICIL,SOLO_JUGADOR,VICTORIA_ENEMIGA_AGOTAMIENTO,false,32,-608,110,105706,run-0319-actions.log.gz,66201616
run-0320,-9098602703315214648,1664,2496,MUY_DIFICIL,JUGADOR_Y_ALIADOS,VICTORIA_ENEMIGA_AGOTAMIENTO,false,32,-225,111,115175,run-0320-actions.log.gz,66725904
run-0321,7963189165158316024,1669,3004,PESADILLA,SOLO_JUGADOR,VICTORIA_JUGADOR,true,24,11018,528,95137,run-0321-actions.log.gz,67250192
run-0322,-2580217024333727023,1674,3683,DEMENTE,JUGADOR_Y_ALIADOS,VICTORIA_TODOS_ALIADOS,true,41,21543,1674,154724,run-0322-actions.log.gz,67250192
run-0323,1345009928823989964,1679,840,MUY_FACIL,SOLO_JUGADOR,VICTORIA_ALIADA_POST_MORTEM,true,28,10624,1102,64996,run-0323-actions.log.gz,67774480
run-0324,527351444366273012,1684,1263,FACIL,JUGADOR_Y_ALIADOS,VICTORIA_ALIADA_POST_MORTEM,true,33,11650,1105,75155,run-0324-actions.log.gz,68298768
run-0325,1096569657721407921,1689,1689,NORMAL,SOLO_JUGADOR,VICTORIA_ENEMIGA_ELIMINACION,false,32,-6606,0,81878,run-0325-actions.log.gz,68823056
run-0326,-2020744307281808422,1694,2118,DIFICIL,JUGADOR_Y_ALIADOS,VICTORIA_ENEMIGA_ELIMINACION,false,18,-6312,0,58031,run-0326-actions.log.gz,68823056
run-0327,4881340389698248684,1699,2549,MUY_DIFICIL,SOLO_JUGADOR,VICTORIA_ENEMIGA_AGOTAMIENTO,false,31,-210,113,114206,run-0327-actions.log.gz,69347344
run-0328,-4301379026270757792,1704,3067,PESADILLA,JUGADOR_Y_ALIADOS,VICTORIA_ENEMIGA_AGOTAMIENTO,false,30,249,113,129049,run-0328-actions.log.gz,69347344
run-0329,-3272491390351129502,1708,3758,DEMENTE,SOLO_JUGADOR,VICTORIA_JUGADOR,true,35,12270,541,153412,run-0329-actions.log.gz,69871632
run-0330,2519374411002027943,1713,857,MUY_FACIL,JUGADOR_Y_ALIADOS,VICTORIA_TODOS_ALIADOS,true,18,16187,1713,41566,run-0330-actions.log.gz,70395920
run-0331,921820912729371512,1718,1289,FACIL,SOLO_JUGADOR,VICTORIA_ALIADA_POST_MORTEM,true,28,11424,1128,71142,run-0331-actions.log.gz,70395920
run-0332,-4855790168763086600,1723,1723,NORMAL,JUGADOR_Y_ALIADOS,VICTORIA_ALIADA_POST_MORTEM,true,29,12594,1131,82548,run-0332-actions.log.gz,70920208
run-0333,-7093659032827914608,1728,2160,DIFICIL,SOLO_JUGADOR,VICTORIA_ENEMIGA_ELIMINACION,false,29,-6429,0,90811,run-0333-actions.log.gz,71444496
run-0334,-2553365527545561843,1733,2600,MUY_DIFICIL,JUGADOR_Y_ALIADOS,VICTORIA_ENEMIGA_ELIMINACION,false,36,-6148,0,122494,run-0334-actions.log.gz,71444496
run-0335,-5798197942158065668,1738,3128,PESADILLA,SOLO_JUGADOR,VICTORIA_ENEMIGA_AGOTAMIENTO,false,20,285,115,85842,run-0335-actions.log.gz,71968784
run-0336,4231338902587480419,1743,3835,DEMENTE,JUGADOR_Y_ALIADOS,VICTORIA_ENEMIGA_AGOTAMIENTO,false,36,904,116,178287,run-0336-actions.log.gz,72493072
run-0337,-5549039407026269818,1748,874,MUY_FACIL,SOLO_JUGADOR,VICTORIA_JUGADOR,true,34,7439,553,79704,run-0337-actions.log.gz,72493072
run-0338,577241518053448929,1753,1315,FACIL,JUGADOR_Y_ALIADOS,VICTORIA_TODOS_ALIADOS,true,24,17377,1753,58534,run-0338-actions.log.gz,73017360
run-0339,324495661435773616,1758,1758,NORMAL,SOLO_JUGADOR,VICTORIA_ALIADA_POST_MORTEM,true,27,12227,1154,83463,run-0339-actions.log.gz,73541648
run-0340,-7891658301504035777,1762,2203,DIFICIL,JUGADOR_Y_ALIADOS,VICTORIA_ALIADA_POST_MORTEM,true,37,13525,1156,113085,run-0340-actions.log.gz,73541648
run-0341,8493460275011264906,1767,2651,MUY_DIFICIL,SOLO_JUGADOR,VICTORIA_ENEMIGA_ELIMINACION,false,25,-6237,0,89728,run-0341-actions.log.gz,74065936
run-0342,2501854599889944571,1772,3190,PESADILLA,JUGADOR_Y_ALIADOS,VICTORIA_ENEMIGA_ELIMINACION,false,28,-5882,0,118620,run-0342-actions.log.gz,74590224
run-0343,-6707455894896072827,1777,3909,DEMENTE,SOLO_JUGADOR,VICTORIA_ENEMIGA_AGOTAMIENTO,false,23,953,118,115941,run-0343-actions.log.gz,75114512
run-0344,-5328372138862374708,1782,891,MUY_FACIL,JUGADOR_Y_ALIADOS,VICTORIA_ENEMIGA_AGOTAMIENTO,false,34,-1782,118,80581,run-0344-actions.log.gz,75114512
run-0345,-4479364439648323693,1787,1340,FACIL,SOLO_JUGADOR,VICTORIA_JUGADOR,true,31,8257,566,85377,run-0345-actions.log.gz,75638800
run-0346,7765848913217338218,1792,1792,NORMAL,JUGADOR_Y_ALIADOS,VICTORIA_TODOS_ALIADOS,true,34,18594,1792,95908,run-0346-actions.log.gz,76163088
run-0347,-6726589425850053415,1797,2246,DIFICIL,SOLO_JUGADOR,VICTORIA_ALIADA_POST_MORTEM,true,36,13011,1179,117216,run-0347-actions.log.gz,76163088
run-0348,-575608085482152270,1802,2703,MUY_DIFICIL,JUGADOR_Y_ALIADOS,VICTORIA_ALIADA_POST_MORTEM,true,28,14484,1182,97430,run-0348-actions.log.gz,76687376
run-0349,5450930813703677312,1807,3253,PESADILLA,SOLO_JUGADOR,VICTORIA_ENEMIGA_ELIMINACION,false,32,-5982,0,127964,run-0349-actions.log.gz,77211664
run-0350,-3536763836876420772,1811,3984,DEMENTE,JUGADOR_Y_ALIADOS,VICTORIA_ENEMIGA_ELIMINACION,false,35,-5491,0,168064,run-0350-actions.log.gz,77735952
run-0351,9179342322418705026,1816,908,MUY_FACIL,SOLO_JUGADOR,VICTORIA_ENEMIGA_AGOTAMIENTO,false,32,-1787,121,79746,run-0351-actions.log.gz,77735952
run-0352,-8228191868055206870,1821,1366,FACIL,JUGADOR_Y_ALIADOS,VICTORIA_ENEMIGA_AGOTAMIENTO,false,31,-1382,121,87065,run-0352-actions.log.gz,78260240
run-0353,6433515554771571681,1826,1826,NORMAL,SOLO_JUGADOR,VICTORIA_JUGADOR,true,32,9064,578,97501,run-0353-actions.log.gz,78784528
run-0354,648939523426633470,1831,2289,DIFICIL,JUGADOR_Y_ALIADOS,VICTORIA_TODOS_ALIADOS,true,31,19864,1831,99369,run-0354-actions.log.gz,79308816
run-0355,-3613411579893561690,1836,2754,MUY_DIFICIL,SOLO_JUGADOR,VICTORIA_ALIADA_POST_MORTEM,true,32,13809,1205,121986,run-0355-actions.log.gz,79308816
run-0356,-3535196589717359002,1841,3314,PESADILLA,JUGADOR_Y_ALIADOS,VICTORIA_ALIADA_POST_MORTEM,true,31,15585,1208,133075,run-0356-actions.log.gz,79833104
run-0357,-2083405307616127326,1846,4061,DEMENTE,SOLO_JUGADOR,VICTORIA_ENEMIGA_ELIMINACION,false,34,-5576,0,165401,run-0357-actions.log.gz,80357392
run-0358,4000370986832600219,1851,926,MUY_FACIL,JUGADOR_Y_ALIADOS,VICTORIA_ENEMIGA_ELIMINACION,false,31,-7787,0,63489,run-0358-actions.log.gz,80357392
run-0359,5426026565565687130,1856,1392,FACIL,SOLO_JUGADOR,VICTORIA_ENEMIGA_AGOTAMIENTO,false,19,-1378,123,58686,run-0359-actions.log.gz,80881680
run-0360,-5021161678469022824,1861,1861,NORMAL,JUGADOR_Y_ALIADOS,VICTORIA_ENEMIGA_AGOTAMIENTO,false,36,-974,124,117818,run-0360-actions.log.gz,81405968
run-0361,-3380902367303551347,1865,2331,DIFICIL,SOLO_JUGADOR,VICTORIA_JUGADOR,true,41,9863,590,143417,run-0361-actions.log.gz,81432736
run-0362,6480268581153157857,1870,2805,MUY_DIFICIL,JUGADOR_Y_ALIADOS,VICTORIA_TODOS_ALIADOS,true,30,21170,1870,114101,run-0362-actions.log.gz,81957024
run-0363,-3793699637496851430,1875,3375,PESADILLA,SOLO_JUGADOR,VICTORIA_ALIADA_POST_MORTEM,true,36,14714,1230,151208,run-0363-actions.log.gz,82454544
run-0364,328767995693379160,1880,4136,DEMENTE,JUGADOR_Y_ALIADOS,VICTORIA_ALIADA_POST_MORTEM,true,30,16993,1233,132290,run-0364-actions.log.gz,82978832
run-0365,2495540835177445733,1885,943,MUY_FACIL,SOLO_JUGADOR,VICTORIA_ENEMIGA_ELIMINACION,false,27,-7907,0,57736,run-0365-actions.log.gz,83503120
run-0366,3490367862810619574,1890,1418,FACIL,JUGADOR_Y_ALIADOS,VICTORIA_ENEMIGA_ELIMINACION,false,28,-7596,0,63540,run-0366-actions.log.gz,83503120
run-0367,4496976726377962920,1895,1895,NORMAL,SOLO_JUGADOR,VICTORIA_ENEMIGA_AGOTAMIENTO,false,30,-966,126,98544,run-0367-actions.log.gz,84027408
run-0368,-869999468835058952,1900,2375,DIFICIL,JUGADOR_Y_ALIADOS,VICTORIA_ENEMIGA_AGOTAMIENTO,false,28,-540,126,109157,run-0368-actions.log.gz,84551696
run-0369,3489686024548162911,1905,2858,MUY_DIFICIL,SOLO_JUGADOR,VICTORIA_JUGADOR,true,21,10698,603,88994,run-0369-actions.log.gz,84551696
run-0370,8972210867423605708,1910,3438,PESADILLA,JUGADOR_Y_ALIADOS,VICTORIA_TODOS_ALIADOS,true,36,22710,1910,143288,run-0370-actions.log.gz,85075984
run-0371,-4899268197921560858,1914,4211,DEMENTE,SOLO_JUGADOR,VICTORIA_ALIADA_POST_MORTEM,true,27,15885,1256,133967,run-0371-actions.log.gz,85075984
run-0372,5349398950204837141,1919,960,MUY_FACIL,JUGADOR_Y_ALIADOS,VICTORIA_ALIADA_POST_MORTEM,true,31,11889,1260,79618,run-0372-actions.log.gz,85600272
run-0373,-4431150806337747099,1924,1443,FACIL,SOLO_JUGADOR,VICTORIA_ENEMIGA_ELIMINACION,false,29,-7715,0,69272,run-0373-actions.log.gz,86124560
run-0374,-77893666905050756,1929,1929,NORMAL,JUGADOR_Y_ALIADOS,VICTORIA_ENEMIGA_ELIMINACION,false,34,-7400,0,101259,run-0374-actions.log.gz,86146512
run-0375,7604857400593440990,1934,2418,DIFICIL,SOLO_JUGADOR,VICTORIA_ENEMIGA_AGOTAMIENTO,false,26,-523,129,98041,run-0375-actions.log.gz,86648848
run-0376,-7525024722642575352,1939,2909,MUY_DIFICIL,JUGADOR_Y_ALIADOS,VICTORIA_ENEMIGA_AGOTAMIENTO,false,30,-93,129,127415,run-0376-actions.log.gz,87173136
run-0377,7272116708144421501,1944,3499,PESADILLA,SOLO_JUGADOR,VICTORIA_JUGADOR,true,28,11637,615,124497,run-0377-actions.log.gz,87697424
run-0378,-3853727052721010129,1949,4288,DEMENTE,JUGADOR_Y_ALIADOS,VICTORIA_TODOS_ALIADOS,true,32,24687,1949,144069,run-0378-actions.log.gz,87697424
run-0379,-4886611562157534939,1954,977,MUY_FACIL,SOLO_JUGADOR,VICTORIA_ALIADA_POST_MORTEM,true,29,11731,1282,74871,run-0379-actions.log.gz,88221712
run-0380,2203550352264023478,1959,1469,FACIL,JUGADOR_Y_ALIADOS,VICTORIA_ALIADA_POST_MORTEM,true,28,12830,1286,84252,run-0380-actions.log.gz,88746000
run-0381,-450721117777278310,1963,1963,NORMAL,SOLO_JUGADOR,VICTORIA_ENEMIGA_ELIMINACION,false,30,-7508,0,96574,run-0381-actions.log.gz,88746000
run-0382,-2391628962780687064,1968,2460,DIFICIL,JUGADOR_Y_ALIADOS,VICTORIA_ENEMIGA_ELIMINACION,false,27,-7177,0,97392,run-0382-actions.log.gz,89270288
run-0383,-4407904839374820022,1973,2960,MUY_DIFICIL,SOLO_JUGADOR,VICTORIA_ENEMIGA_AGOTAMIENTO,false,23,-70,131,106226,run-0383-actions.log.gz,89794576
run-0384,858642126848296360,1978,3560,PESADILLA,JUGADOR_Y_ALIADOS,VICTORIA_ENEMIGA_AGOTAMIENTO,false,30,455,131,149783,run-0384-actions.log.gz,89794576
run-0385,-4722459583240931074,1983,4363,DEMENTE,SOLO_JUGADOR,VICTORIA_JUGADOR,true,35,12869,628,177941,run-0385-actions.log.gz,90318864
run-0386,7557539895073914167,1988,994,MUY_FACIL,JUGADOR_Y_ALIADOS,VICTORIA_TODOS_ALIADOS,true,34,18370,1988,91484,run-0386-actions.log.gz,90843152
run-0387,7899107810725717677,1993,1495,FACIL,SOLO_JUGADOR,VICTORIA_ALIADA_POST_MORTEM,true,31,12513,1308,90945,run-0387-actions.log.gz,90843152
run-0388,-4098823366128606312,1998,1998,NORMAL,JUGADOR_Y_ALIADOS,VICTORIA_ALIADA_POST_MORTEM,true,31,13758,1311,99919,run-0388-actions.log.gz,91367440
run-0389,3114011055790019726,2003,2504,DIFICIL,SOLO_JUGADOR,VICTORIA_ENEMIGA_ELIMINACION,false,27,-7287,0,100542,run-0389-actions.log.gz,91891728
run-0390,-8036727889697533771,2008,3012,MUY_DIFICIL,JUGADOR_Y_ALIADOS,VICTORIA_ENEMIGA_ELIMINACION,false,28,-6952,0,110932,run-0390-actions.log.gz,91891728
run-0391,805426959051608302,2013,3623,PESADILLA,SOLO_JUGADOR,VICTORIA_ENEMIGA_AGOTAMIENTO,false,24,490,134,119685,run-0391-actions.log.gz,92416016
run-0392,4202014927908857968,2017,4437,DEMENTE,JUGADOR_Y_ALIADOS,VICTORIA_ENEMIGA_AGOTAMIENTO,false,30,1214,134,174044,run-0392-actions.log.gz,92940304
run-0393,-2832432413288681468,2022,1011,MUY_FACIL,SOLO_JUGADOR,VICTORIA_JUGADOR,true,36,7992,640,99518,run-0393-actions.log.gz,92940304
run-0394,-7897107382736432149,2027,1520,FACIL,JUGADOR_Y_ALIADOS,VICTORIA_TODOS_ALIADOS,true,33,19696,2027,91498,run-0394-actions.log.gz,93480992
run-0395,7010026684774158198,2032,2032,NORMAL,SOLO_JUGADOR,VICTORIA_ALIADA_POST_MORTEM,true,29,13282,1333,98237,run-0395-actions.log.gz,93988880
run-0396,658143291062764960,2037,2546,DIFICIL,JUGADOR_Y_ALIADOS,VICTORIA_ALIADA_POST_MORTEM,true,29,14694,1337,107202,run-0396-actions.log.gz,94513168
run-0397,-4545850360602966580,2042,3063,MUY_DIFICIL,SOLO_JUGADOR,VICTORIA_ENEMIGA_ELIMINACION,false,30,-7054,0,113652,run-0397-actions.log.gz,94513168
run-0398,2173117627860411502,2047,3685,PESADILLA,JUGADOR_Y_ALIADOS,VICTORIA_ENEMIGA_ELIMINACION,false,31,-6639,0,152554,run-0398-actions.log.gz,95037456
run-0399,1790908746728655960,2052,4514,DEMENTE,SOLO_JUGADOR,VICTORIA_ENEMIGA_AGOTAMIENTO,false,26,1252,136,152231,run-0399-actions.log.gz,95561744
run-0400,4028945760247206184,2057,1029,MUY_FACIL,JUGADOR_Y_ALIADOS,VICTORIA_ENEMIGA_AGOTAMIENTO,false,29,-1884,137,81582,run-0400-actions.log.gz,95561744
run-0401,6968721541783547024,2062,1547,FACIL,SOLO_JUGADOR,VICTORIA_JUGADOR,true,26,8805,653,86102,run-0401-actions.log.gz,96086032
run-0402,-1067044876480690780,2066,2066,NORMAL,JUGADOR_Y_ALIADOS,VICTORIA_TODOS_ALIADOS,true,26,21068,2066,82668,run-0402-actions.log.gz,96610320
run-0403,7281837771819302217,2071,2589,DIFICIL,SOLO_JUGADOR,VICTORIA_ALIADA_POST_MORTEM,true,32,14045,1359,126517,run-0403-actions.log.gz,96610320
run-0404,-1568187415689386558,2076,3114,MUY_DIFICIL,JUGADOR_Y_ALIADOS,VICTORIA_ALIADA_POST_MORTEM,true,33,15611,1362,136897,run-0404-actions.log.gz,97134608
run-0405,221971055791535356,2081,3746,PESADILLA,SOLO_JUGADOR,VICTORIA_ENEMIGA_ELIMINACION,false,27,-6729,0,135164,run-0405-actions.log.gz,97658896
run-0406,5555911402081681143,2086,4589,DEMENTE,JUGADOR_Y_ALIADOS,VICTORIA_ENEMIGA_ELIMINACION,false,29,-6161,0,157202,run-0406-actions.log.gz,97658896
run-0407,4309976998116897217,2091,1046,MUY_FACIL,SOLO_JUGADOR,VICTORIA_ENEMIGA_AGOTAMIENTO,false,37,-1910,139,102736,run-0407-actions.log.gz,98183184
run-0408,-8913018960600346584,2096,1572,FACIL,JUGADOR_Y_ALIADOS,VICTORIA_ENEMIGA_AGOTAMIENTO,false,23,-1428,139,80255,run-0408-actions.log.gz,98707472
run-0409,7165008454328984511,2101,2101,NORMAL,SOLO_JUGADOR,VICTORIA_JUGADOR,true,32,9585,665,116368,run-0409-actions.log.gz,98707472
run-0410,568740885946680853,2106,2633,DIFICIL,JUGADOR_Y_ALIADOS,VICTORIA_TODOS_ALIADOS,true,32,22476,2106,124298,run-0410-actions.log.gz,99231760
run-0411,-7551038807203843584,2111,3167,MUY_DIFICIL,SOLO_JUGADOR,VICTORIA_ALIADA_POST_MORTEM,true,27,14809,1386,126531,run-0411-actions.log.gz,99756048
run-0412,8775000926594895818,2116,3809,PESADILLA,JUGADOR_Y_ALIADOS,VICTORIA_ALIADA_POST_MORTEM,true,31,16698,1389,148959,run-0412-actions.log.gz,100280336
run-0413,8484888524572902838,2120,4664,DEMENTE,SOLO_JUGADOR,VICTORIA_ENEMIGA_ELIMINACION,false,34,-6250,0,184336,run-0413-actions.log.gz,100280336
run-0414,4765308701210260243,2125,1063,MUY_FACIL,JUGADOR_Y_ALIADOS,VICTORIA_ENEMIGA_ELIMINACION,false,25,-8781,0,52459,run-0414-actions.log.gz,100804624
run-0415,5049070388950981008,2130,1598,FACIL,SOLO_JUGADOR,VICTORIA_ENEMIGA_AGOTAMIENTO,false,25,-1433,142,85472,run-0415-actions.log.gz,101328912
run-0416,-9057703726180114114,2135,2135,NORMAL,JUGADOR_Y_ALIADOS,VICTORIA_ENEMIGA_AGOTAMIENTO,false,31,-959,142,117867,run-0416-actions.log.gz,101328912
run-0417,-9120063092074681422,2140,2675,DIFICIL,SOLO_JUGADOR,VICTORIA_JUGADOR,true,27,10368,677,113272,run-0417-actions.log.gz,101853200
run-0418,-4411936929090414457,2145,3218,MUY_DIFICIL,JUGADOR_Y_ALIADOS,VICTORIA_TODOS_ALIADOS,true,37,23914,2145,149128,run-0418-actions.log.gz,102377488
run-0419,1678262831626996231,2150,3870,PESADILLA,SOLO_JUGADOR,VICTORIA_ALIADA_POST_MORTEM,true,31,15654,1411,151873,run-0419-actions.log.gz,102377488
run-0420,-1330556188128462547,2155,4741,DEMENTE,JUGADOR_Y_ALIADOS,VICTORIA_ALIADA_POST_MORTEM,true,26,18066,1414,149841,run-0420-actions.log.gz,102901776
run-0421,-2312121017626328858,2160,1080,MUY_FACIL,SOLO_JUGADOR,VICTORIA_ENEMIGA_ELIMINACION,false,28,-8912,0,59244,run-0421-actions.log.gz,103426064
run-0422,8807125263652822487,2165,1624,FACIL,JUGADOR_Y_ALIADOS,VICTORIA_ENEMIGA_ELIMINACION,false,29,-8553,0,79300,run-0422-actions.log.gz,103426064
run-0423,4965904567982170491,2169,2169,NORMAL,SOLO_JUGADOR,VICTORIA_ENEMIGA_AGOTAMIENTO,false,34,-966,144,127780,run-0423-actions.log.gz,103950352
run-0424,-1831115186616571758,2174,2718,DIFICIL,JUGADOR_Y_ALIADOS,VICTORIA_ENEMIGA_AGOTAMIENTO,false,28,-463,145,119024,run-0424-actions.log.gz,104474640
run-0425,4093156062562782382,2179,3269,MUY_DIFICIL,SOLO_JUGADOR,VICTORIA_JUGADOR,true,36,11138,690,168462,run-0425-actions.log.gz,104474640
run-0426,-1999662469777316450,2184,3931,PESADILLA,JUGADOR_Y_ALIADOS,VICTORIA_TODOS_ALIADOS,true,26,25624,2184,124512,run-0426-actions.log.gz,105015328
run-0427,3383529410679463688,2189,4816,DEMENTE,SOLO_JUGADOR,VICTORIA_ALIADA_POST_MORTEM,true,26,20591,1437,143425,run-0427-actions.log.gz,105523216
run-0428,-2511669766568327649,2194,1097,MUY_FACIL,JUGADOR_Y_ALIADOS,VICTORIA_ALIADA_POST_MORTEM,true,34,12982,1440,96720,run-0428-actions.log.gz,105523216
run-0429,-6455113371510880210,2199,1649,FACIL,SOLO_JUGADOR,VICTORIA_ENEMIGA_ELIMINACION,false,30,-8672,0,85745,run-0429-actions.log.gz,106063904
run-0430,4096068385893223172,2204,2204,NORMAL,JUGADOR_Y_ALIADOS,VICTORIA_ENEMIGA_ELIMINACION,false,25,-8299,0,80428,run-0430-actions.log.gz,106571792
run-0431,4718972627139894860,2209,2761,DIFICIL,SOLO_JUGADOR,VICTORIA_ENEMIGA_AGOTAMIENTO,false,34,-465,147,153056,run-0431-actions.log.gz,106571792
run-0432,7558823776401278866,2214,3321,MUY_DIFICIL,JUGADOR_Y_ALIADOS,VICTORIA_ENEMIGA_AGOTAMIENTO,false,22,43,147,109041,run-0432-actions.log.gz,107096080
run-0433,-5431509371094725069,2218,3992,PESADILLA,SOLO_JUGADOR,VICTORIA_JUGADOR,true,34,12034,702,175727,run-0433-actions.log.gz,107620368
run-0434,2254451717153668913,2223,4891,DEMENTE,JUGADOR_Y_ALIADOS,VICTORIA_TODOS_ALIADOS,true,29,27814,2223,146754,run-0434-actions.log.gz,108144656
run-0435,1564462917257771272,2228,1114,MUY_FACIL,SOLO_JUGADOR,VICTORIA_ALIADA_POST_MORTEM,true,29,13673,1462,85641,run-0435-actions.log.gz,108144656
run-0436,2899152666505596761,2233,1675,FACIL,JUGADOR_Y_ALIADOS,VICTORIA_ALIADA_POST_MORTEM,true,34,13889,1465,112927,run-0436-actions.log.gz,108668944
run-0437,-8384423856953501736,2238,2238,NORMAL,SOLO_JUGADOR,VICTORIA_ENEMIGA_ELIMINACION,false,25,-8411,0,90729,run-0437-actions.log.gz,109193232
run-0438,7259354326784990705,2243,2804,DIFICIL,JUGADOR_Y_ALIADOS,VICTORIA_ENEMIGA_ELIMINACION,false,28,-8038,0,107980,run-0438-actions.log.gz,109193232
run-0439,5846654800590609891,2248,3372,MUY_DIFICIL,SOLO_JUGADOR,VICTORIA_ENEMIGA_AGOTAMIENTO,false,25,56,149,124200,run-0439-actions.log.gz,109717520
run-0440,-5611752666652187812,2253,4055,PESADILLA,JUGADOR_Y_ALIADOS,VICTORIA_ENEMIGA_AGOTAMIENTO,false,27,669,150,149020,run-0440-actions.log.gz,109737024
run-0441,-5573090048646089663,2258,4968,DEMENTE,SOLO_JUGADOR,VICTORIA_JUGADOR,true,30,13207,715,191506,run-0441-actions.log.gz,110261312
run-0442,-8940358388036825756,2263,1132,MUY_FACIL,JUGADOR_Y_ALIADOS,VICTORIA_TODOS_ALIADOS,true,30,20575,2263,86599,run-0442-actions.log.gz,110766096
run-0443,-4657600171046882230,2268,1701,FACIL,SOLO_JUGADOR,VICTORIA_ALIADA_POST_MORTEM,true,22,14886,1488,75759,run-0443-actions.log.gz,111308832
run-0444,8858819672192822814,2272,2272,NORMAL,JUGADOR_Y_ALIADOS,VICTORIA_ALIADA_POST_MORTEM,true,24,14803,1491,91580,run-0444-actions.log.gz,111308832
run-0445,-3896589081756233360,2277,2846,DIFICIL,SOLO_JUGADOR,VICTORIA_ENEMIGA_ELIMINACION,false,31,-8147,0,129912,run-0445-actions.log.gz,111814672
run-0446,7478838536276263728,2282,3423,MUY_DIFICIL,JUGADOR_Y_ALIADOS,VICTORIA_ENEMIGA_ELIMINACION,false,25,-7757,0,117600,run-0446-actions.log.gz,111814672
run-0447,984284168750232574,2287,4117,PESADILLA,SOLO_JUGADOR,VICTORIA_ENEMIGA_AGOTAMIENTO,false,30,692,152,172070,run-0447-actions.log.gz,112338960
run-0448,4819450637944867070,2292,5000,DEMENTE,JUGADOR_Y_ALIADOS,VICTORIA_ENEMIGA_AGOTAMIENTO,false,28,1480,152,182150,run-0448-actions.log.gz,112863248
run-0449,-2663692130192640853,2297,1149,MUY_FACIL,SOLO_JUGADOR,VICTORIA_JUGADOR,true,25,8500,727,80090,run-0449-actions.log.gz,112863248
run-0450,-7459171721847496415,2302,1727,FACIL,JUGADOR_Y_ALIADOS,VICTORIA_TODOS_ALIADOS,true,26,22042,2302,89239,run-0450-actions.log.gz,113387536
run-0451,4257241614999817829,2307,2307,NORMAL,SOLO_JUGADOR,VICTORIA_ALIADA_POST_MORTEM,true,27,16081,1514,97811,run-0451-actions.log.gz,113911824
run-0452,-6604855478295081957,2312,2890,DIFICIL,JUGADOR_Y_ALIADOS,VICTORIA_ALIADA_POST_MORTEM,true,25,15696,1517,115068,run-0452-actions.log.gz,113911824
run-0453,828156414637038126,2317,3476,MUY_DIFICIL,SOLO_JUGADOR,VICTORIA_ENEMIGA_ELIMINACION,false,32,-7866,0,149361,run-0453-actions.log.gz,114436112
run-0454,-9168837037473270354,2321,4178,PESADILLA,JUGADOR_Y_ALIADOS,VICTORIA_ENEMIGA_ELIMINACION,false,25,-7385,0,126381,run-0454-actions.log.gz,114960400
run-0455,7807905218149728043,2326,5000,DEMENTE,SOLO_JUGADOR,VICTORIA_ENEMIGA_AGOTAMIENTO,false,24,1461,155,155232,run-0455-actions.log.gz,114960400
run-0456,5386195878787134518,2331,1166,MUY_FACIL,JUGADOR_Y_ALIADOS,VICTORIA_ENEMIGA_AGOTAMIENTO,false,36,-2009,155,110937,run-0456-actions.log.gz,115484688
run-0457,-8817953825570937948,2336,1752,FACIL,SOLO_JUGADOR,VICTORIA_JUGADOR,true,29,9255,740,106261,run-0457-actions.log.gz,116008976
run-0458,-1653892145296544440,2341,2341,NORMAL,JUGADOR_Y_ALIADOS,VICTORIA_TODOS_ALIADOS,true,29,23540,2341,104205,run-0458-actions.log.gz,116008976
run-0459,8984393964824977589,2346,2933,DIFICIL,SOLO_JUGADOR,VICTORIA_ALIADA_POST_MORTEM,true,32,17267,1539,137405,run-0459-actions.log.gz,116533264
run-0460,-7579359391563992187,2351,3527,MUY_DIFICIL,JUGADOR_Y_ALIADOS,VICTORIA_ALIADA_POST_MORTEM,true,29,16572,1543,140755,run-0460-actions.log.gz,117057552
run-0461,4285111988843014536,2356,4241,PESADILLA,SOLO_JUGADOR,VICTORIA_ENEMIGA_ELIMINACION,false,34,-7490,0,185779,run-0461-actions.log.gz,117057552
run-0462,-6368208159724519340,2361,5000,DEMENTE,JUGADOR_Y_ALIADOS,VICTORIA_ENEMIGA_ELIMINACION,false,35,-6979,0,212912,run-0462-actions.log.gz,117581840
run-0463,807078942164945574,2366,1183,MUY_FACIL,SOLO_JUGADOR,VICTORIA_ENEMIGA_AGOTAMIENTO,false,26,-2015,157,85317,run-0463-actions.log.gz,118106128
run-0464,4230433741410298021,2371,1778,FACIL,JUGADOR_Y_ALIADOS,VICTORIA_ENEMIGA_AGOTAMIENTO,false,21,-1475,158,80800,run-0464-actions.log.gz,118630416
run-0465,7516729652610792652,2375,2375,NORMAL,SOLO_JUGADOR,VICTORIA_JUGADOR,true,33,9985,752,145264,run-0465-actions.log.gz,118630416
run-0466,148858385223197037,2380,2975,DIFICIL,JUGADOR_Y_ALIADOS,VICTORIA_TODOS_ALIADOS,true,28,25082,2380,108019,run-0466-actions.log.gz,119154704
run-0467,6023229434798316972,2385,3578,MUY_DIFICIL,SOLO_JUGADOR,VICTORIA_ALIADA_POST_MORTEM,true,31,18458,1565,147765,run-0467-actions.log.gz,119154704
run-0468,4502399975827369473,2390,4302,PESADILLA,JUGADOR_Y_ALIADOS,VICTORIA_ALIADA_POST_MORTEM,true,30,17579,1569,169653,run-0468-actions.log.gz,119678992
run-0469,8326405955010836666,2395,5000,DEMENTE,SOLO_JUGADOR,VICTORIA_ENEMIGA_ELIMINACION,false,37,-7117,0,222250,run-0469-actions.log.gz,120203280
run-0470,-5351293343780178031,2400,1200,MUY_FACIL,JUGADOR_Y_ALIADOS,VICTORIA_ENEMIGA_ELIMINACION,false,29,-9789,0,75097,run-0470-actions.log.gz,120727568
run-0471,-3102873979476986568,2405,1804,FACIL,SOLO_JUGADOR,VICTORIA_ENEMIGA_AGOTAMIENTO,false,38,-1498,160,143051,run-0471-actions.log.gz,120727568
run-0472,-334759750489026969,2410,2410,NORMAL,JUGADOR_Y_ALIADOS,VICTORIA_ENEMIGA_AGOTAMIENTO,false,22,-944,160,98462,run-0472-actions.log.gz,121251856
run-0473,-5082760522278650211,2415,3019,DIFICIL,SOLO_JUGADOR,VICTORIA_JUGADOR,true,20,10725,765,102758,run-0473-actions.log.gz,121776144
run-0474,270580208638164982,2420,3630,MUY_DIFICIL,JUGADOR_Y_ALIADOS,VICTORIA_TODOS_ALIADOS,true,34,26666,2420,151286,run-0474-actions.log.gz,121776144
run-0475,4988338942119047091,2424,4363,PESADILLA,SOLO_JUGADOR,VICTORIA_ALIADA_POST_MORTEM,true,26,19844,1590,148681,run-0475-actions.log.gz,122300432
run-0476,1763771474990305840,2429,5000,DEMENTE,JUGADOR_Y_ALIADOS,VICTORIA_ALIADA_POST_MORTEM,true,36,18430,1594,226334,run-0476-actions.log.gz,122824720
run-0477,-8307938654209708057,2434,1217,MUY_FACIL,SOLO_JUGADOR,VICTORIA_ENEMIGA_ELIMINACION,false,34,-9918,0,91530,run-0477-actions.log.gz,123349008
run-0478,1173634844414241832,2439,1829,FACIL,JUGADOR_Y_ALIADOS,VICTORIA_ENEMIGA_ELIMINACION,false,35,-9511,0,107264,run-0478-actions.log.gz,123349008
run-0479,8430462500740878313,2444,2444,NORMAL,SOLO_JUGADOR,VICTORIA_ENEMIGA_AGOTAMIENTO,false,34,-949,163,143791,run-0479-actions.log.gz,123873296
run-0480,9182656940068512719,2449,3061,DIFICIL,JUGADOR_Y_ALIADOS,VICTORIA_ENEMIGA_AGOTAMIENTO,false,21,-390,163,103300,run-0480-actions.log.gz,124397584
run-0481,4281769820608313985,2454,3681,MUY_DIFICIL,SOLO_JUGADOR,VICTORIA_JUGADOR,true,25,14362,777,121729,run-0481-actions.log.gz,124397584
run-0482,181746570997619844,2459,4426,PESADILLA,JUGADOR_Y_ALIADOS,VICTORIA_TODOS_ALIADOS,true,32,28533,2459,154701,run-0482-actions.log.gz,124921872
run-0483,8912061874027691031,2464,5000,DEMENTE,SOLO_JUGADOR,VICTORIA_ALIADA_POST_MORTEM,true,32,20935,1617,180791,run-0483-actions.log.gz,125446160
run-0484,254835345996229808,2469,1235,MUY_FACIL,JUGADOR_Y_ALIADOS,VICTORIA_ALIADA_POST_MORTEM,true,35,14021,1620,114710,run-0484-actions.log.gz,125446160
run-0485,4237869073511137410,2473,1855,FACIL,SOLO_JUGADOR,VICTORIA_ENEMIGA_ELIMINACION,false,25,-9619,0,85719,run-0485-actions.log.gz,125970448
run-0486,-5585441544971803211,2478,2478,NORMAL,JUGADOR_Y_ALIADOS,VICTORIA_ENEMIGA_ELIMINACION,false,34,-9212,0,130067,run-0486-actions.log.gz,126494736
run-0487,-7164667446566076328,2483,3104,DIFICIL,SOLO_JUGADOR,VICTORIA_ENEMIGA_AGOTAMIENTO,false,25,-384,165,124881,run-0487-actions.log.gz,126494736
run-0488,-3450162127851193949,2488,3732,MUY_DIFICIL,JUGADOR_Y_ALIADOS,VICTORIA_ENEMIGA_AGOTAMIENTO,false,28,169,165,158617,run-0488-actions.log.gz,127019024
run-0489,-4279262569226943465,2493,4487,PESADILLA,SOLO_JUGADOR,VICTORIA_JUGADOR,true,28,15809,789,150308,run-0489-actions.log.gz,127543312
run-0490,-459579843541459106,2498,5000,DEMENTE,JUGADOR_Y_ALIADOS,VICTORIA_TODOS_ALIADOS,true,23,29963,2498,144979,run-0490-actions.log.gz,127543312
run-0491,-7422012231645553140,2503,1252,MUY_FACIL,SOLO_JUGADOR,VICTORIA_ALIADA_POST_MORTEM,true,23,14788,1643,77950,run-0491-actions.log.gz,128067600
run-0492,5023008251548685548,2508,1881,FACIL,JUGADOR_Y_ALIADOS,VICTORIA_ALIADA_POST_MORTEM,true,30,14884,1646,116264,run-0492-actions.log.gz,128067600
run-0493,6786127700998093968,2513,2513,NORMAL,SOLO_JUGADOR,VICTORIA_ENEMIGA_ELIMINACION,false,34,-9326,0,125106,run-0493-actions.log.gz,128591888
run-0494,6801988141667844758,2518,3148,DIFICIL,JUGADOR_Y_ALIADOS,VICTORIA_ENEMIGA_ELIMINACION,false,29,-8897,0,128687,run-0494-actions.log.gz,129116176
run-0495,4988552579075053750,2523,3785,MUY_DIFICIL,SOLO_JUGADOR,VICTORIA_ENEMIGA_AGOTAMIENTO,false,38,180,168,211096,run-0495-actions.log.gz,129640464
run-0496,-4795597899976162464,2527,4549,PESADILLA,JUGADOR_Y_ALIADOS,VICTORIA_ENEMIGA_AGOTAMIENTO,false,30,872,168,181215,run-0496-actions.log.gz,129640464
run-0497,-4152129211836256157,2532,5000,DEMENTE,SOLO_JUGADOR,VICTORIA_JUGADOR,true,21,16689,802,129641,run-0497-actions.log.gz,130164752
run-0498,2788071464129955470,2537,1269,MUY_FACIL,JUGADOR_Y_ALIADOS,VICTORIA_TODOS_ALIADOS,true,24,22773,2537,76143,run-0498-actions.log.gz,130689040
run-0499,6695223859553365155,2542,1907,FACIL,SOLO_JUGADOR,VICTORIA_ALIADA_POST_MORTEM,true,33,15949,1668,121293,run-0499-actions.log.gz,130689040
run-0500,3802099799009561126,2547,2547,NORMAL,JUGADOR_Y_ALIADOS,VICTORIA_ALIADA_POST_MORTEM,true,29,15718,1671,128004,run-0500-actions.log.gz,131213328
run-0501,-821167397388956578,2552,3190,DIFICIL,SOLO_JUGADOR,VICTORIA_ENEMIGA_ELIMINACION,false,28,-9002,0,124719,run-0501-actions.log.gz,131737616
run-0502,7520825033547283115,2557,3836,MUY_DIFICIL,JUGADOR_Y_ALIADOS,VICTORIA_ENEMIGA_ELIMINACION,false,20,-8562,0,105624,run-0502-actions.log.gz,131737616
run-0503,-2717021551318237517,2562,4612,PESADILLA,SOLO_JUGADOR,VICTORIA_ENEMIGA_AGOTAMIENTO,false,30,894,170,180609,run-0503-actions.log.gz,132261904
run-0504,-7366783255749201537,2567,5000,DEMENTE,JUGADOR_Y_ALIADOS,VICTORIA_ENEMIGA_AGOTAMIENTO,false,24,1253,171,165261,run-0504-actions.log.gz,132786192
run-0505,4136392465724657678,2572,1286,MUY_FACIL,SOLO_JUGADOR,VICTORIA_JUGADOR,true,30,9956,814,100106,run-0505-actions.log.gz,132786192
run-0506,567997119386257421,2576,1932,FACIL,JUGADOR_Y_ALIADOS,VICTORIA_TODOS_ALIADOS,true,35,24361,2576,125617,run-0506-actions.log.gz,133310480
run-0507,-6763153032424573131,2581,2581,NORMAL,SOLO_JUGADOR,VICTORIA_ALIADA_POST_MORTEM,true,21,17127,1694,94492,run-0507-actions.log.gz,133834768
run-0508,-952023022263888085,2586,3233,DIFICIL,JUGADOR_Y_ALIADOS,VICTORIA_ALIADA_POST_MORTEM,true,27,19126,1697,115899,run-0508-actions.log.gz,133834768
run-0509,4116475449621412379,2591,3887,MUY_DIFICIL,SOLO_JUGADOR,VICTORIA_ENEMIGA_ELIMINACION,false,32,-8676,0,163087,run-0509-actions.log.gz,134359056
run-0510,-1218979177724243154,2596,4673,PESADILLA,JUGADOR_Y_ALIADOS,VICTORIA_ENEMIGA_ELIMINACION,false,36,-8148,0,200210,run-0510-actions.log.gz,134359056
run-0511,-1523536662195791671,2601,5000,DEMENTE,SOLO_JUGADOR,VICTORIA_ENEMIGA_AGOTAMIENTO,false,25,1218,173,170518,run-0511-actions.log.gz,134883344
run-0512,6612705546516611654,2606,1303,MUY_FACIL,JUGADOR_Y_ALIADOS,VICTORIA_ENEMIGA_AGOTAMIENTO,false,20,-2109,173,74815,run-0512-actions.log.gz,135407632
run-0513,-823648842898292332,2611,1958,FACIL,SOLO_JUGADOR,VICTORIA_JUGADOR,true,35,11172,827,136310,run-0513-actions.log.gz,135407632
run-0514,4890493089425253097,2616,2616,NORMAL,JUGADOR_Y_ALIADOS,VICTORIA_TODOS_ALIADOS,true,28,26016,2616,113826,run-0514-actions.log.gz,135931920
run-0515,5124798112182040042,2621,3276,DIFICIL,SOLO_JUGADOR,VICTORIA_ALIADA_POST_MORTEM,true,21,18283,1720,95898,run-0515-actions.log.gz,136456208
run-0516,-9219747855628153546,2626,3939,MUY_DIFICIL,JUGADOR_Y_ALIADOS,VICTORIA_ALIADA_POST_MORTEM,true,26,20487,1723,140886,run-0516-actions.log.gz,136456208
run-0517,-1643889943482442278,2630,4734,PESADILLA,SOLO_JUGADOR,VICTORIA_ENEMIGA_ELIMINACION,false,31,-8237,0,185246,run-0517-actions.log.gz,136980496
run-0518,2731506684103908981,2635,5000,DEMENTE,JUGADOR_Y_ALIADOS,VICTORIA_ENEMIGA_ELIMINACION,false,28,-8068,0,167760,run-0518-actions.log.gz,136980496
run-0519,-6836645756756340821,2640,1320,MUY_FACIL,SOLO_JUGADOR,VICTORIA_ENEMIGA_AGOTAMIENTO,false,24,-2124,176,83920,run-0519-actions.log.gz,137504784
run-0520,-3483651104143534447,2645,1984,FACIL,JUGADOR_Y_ALIADOS,VICTORIA_ENEMIGA_AGOTAMIENTO,false,26,-1532,176,106925,run-0520-actions.log.gz,138029072
run-0521,-5748816778993273037,2650,2650,NORMAL,SOLO_JUGADOR,VICTORIA_JUGADOR,true,29,12384,839,128436,run-0521-actions.log.gz,138029072
run-0522,-5772811265439010968,2655,3319,DIFICIL,JUGADOR_Y_ALIADOS,VICTORIA_TODOS_ALIADOS,true,34,27689,2655,157350,run-0522-actions.log.gz,138553360
run-0523,7718589065232331701,2660,3990,MUY_DIFICIL,SOLO_JUGADOR,VICTORIA_ALIADA_POST_MORTEM,true,19,19423,1746,111063,run-0523-actions.log.gz,139077648
run-0524,-5789415972412819635,2665,4797,PESADILLA,JUGADOR_Y_ALIADOS,VICTORIA_ALIADA_POST_MORTEM,true,27,22076,1749,156018,run-0524-actions.log.gz,139077648
run-0525,-8897428189986101155,2670,5000,DEMENTE,SOLO_JUGADOR,VICTORIA_ENEMIGA_ELIMINACION,false,34,-8214,0,207750,run-0525-actions.log.gz,139601936
run-0526,710878291015357378,2675,1338,MUY_FACIL,JUGADOR_Y_ALIADOS,VICTORIA_ENEMIGA_ELIMINACION,false,28,-10792,0,79673,run-0526-actions.log.gz,139645616
run-0527,3261206247125296140,2679,2009,FACIL,SOLO_JUGADOR,VICTORIA_ENEMIGA_AGOTAMIENTO,false,34,-1552,178,140568,run-0527-actions.log.gz,140126224
run-0528,-3565051961527885526,2684,2684,NORMAL,JUGADOR_Y_ALIADOS,VICTORIA_ENEMIGA_AGOTAMIENTO,false,25,-932,179,120338,run-0528-actions.log.gz,140650512
run-0529,-822735700617095205,2689,3361,DIFICIL,SOLO_JUGADOR,VICTORIA_JUGADOR,true,21,13586,851,113719,run-0529-actions.log.gz,141174800
run-0530,7702956370184871772,2694,4041,MUY_DIFICIL,JUGADOR_Y_ALIADOS,VICTORIA_TODOS_ALIADOS,true,20,29420,2694,107107,run-0530-actions.log.gz,141174800
run-0531,4619026002248343456,2699,4858,PESADILLA,SOLO_JUGADOR,VICTORIA_ALIADA_POST_MORTEM,true,36,20723,1771,213250,run-0531-actions.log.gz,141699088
run-0532,7230259334922300894,2704,5000,DEMENTE,JUGADOR_Y_ALIADOS,VICTORIA_ALIADA_POST_MORTEM,true,34,22432,1774,194707,run-0532-actions.log.gz,141699088
run-0533,-9170004858851225601,2709,1355,MUY_FACIL,SOLO_JUGADOR,VICTORIA_ENEMIGA_ELIMINACION,false,22,-10910,0,67376,run-0533-actions.log.gz,142223376
run-0534,6169064778942284927,2714,2036,FACIL,JUGADOR_Y_ALIADOS,VICTORIA_ENEMIGA_ELIMINACION,false,30,-10460,0,111036,run-0534-actions.log.gz,142747664
run-0535,4429505095167814918,2719,2719,NORMAL,SOLO_JUGADOR,VICTORIA_ENEMIGA_AGOTAMIENTO,false,36,-945,181,169785,run-0535-actions.log.gz,142747664
run-0536,-4222933633867076331,2724,3405,DIFICIL,JUGADOR_Y_ALIADOS,VICTORIA_ENEMIGA_AGOTAMIENTO,false,27,-328,181,141663,run-0536-actions.log.gz,143271952
run-0537,-6926938528732971737,2728,4092,MUY_DIFICIL,SOLO_JUGADOR,VICTORIA_JUGADOR,true,31,14765,864,177145,run-0537-actions.log.gz,143796240
run-0538,-7592703004911005763,2733,4919,PESADILLA,JUGADOR_Y_ALIADOS,VICTORIA_TODOS_ALIADOS,true,24,31445,2733,135576,run-0538-actions.log.gz,144320528
run-0539,-3018666921603924748,2738,5000,DEMENTE,SOLO_JUGADOR,VICTORIA_ALIADA_POST_MORTEM,true,32,20939,1797,205147,run-0539-actions.log.gz,144320528
run-0540,-3967775980363866151,2743,1372,MUY_FACIL,JUGADOR_Y_ALIADOS,VICTORIA_ALIADA_POST_MORTEM,true,28,16102,1800,102277,run-0540-actions.log.gz,144844816
run-0541,2853197343589766148,2748,2061,FACIL,SOLO_JUGADOR,VICTORIA_ENEMIGA_ELIMINACION,false,25,-10575,0,86561,run-0541-actions.log.gz,145369104
run-0542,6491899437249627974,2753,2753,NORMAL,JUGADOR_Y_ALIADOS,VICTORIA_ENEMIGA_ELIMINACION,false,34,-10118,0,142625,run-0542-actions.log.gz,145369104
run-0543,6365298974984871820,2758,3448,DIFICIL,SOLO_JUGADOR,VICTORIA_ENEMIGA_AGOTAMIENTO,false,26,-317,183,142463,run-0543-actions.log.gz,145893392
run-0544,8123001073303829775,2763,4145,MUY_DIFICIL,JUGADOR_Y_ALIADOS,VICTORIA_ENEMIGA_AGOTAMIENTO,false,25,309,184,154255,run-0544-actions.log.gz,146417680
run-0545,-2499622713712598645,2768,4982,PESADILLA,SOLO_JUGADOR,VICTORIA_JUGADOR,true,28,16162,876,185945,run-0545-actions.log.gz,146417680
run-0546,-5303834878033371467,2773,5000,DEMENTE,JUGADOR_Y_ALIADOS,VICTORIA_TODOS_ALIADOS,true,33,31878,2773,201271,run-0546-actions.log.gz,146941968
run-0547,1477185871505659036,2778,1389,MUY_FACIL,SOLO_JUGADOR,VICTORIA_ALIADA_POST_MORTEM,true,26,15819,1823,95065,run-0547-actions.log.gz,147466256
run-0548,-3256920311347592616,2782,2087,FACIL,JUGADOR_Y_ALIADOS,VICTORIA_ALIADA_POST_MORTEM,true,37,17439,1826,155576,run-0548-actions.log.gz,147466256
run-0549,1458969135547097695,2787,2787,NORMAL,SOLO_JUGADOR,VICTORIA_ENEMIGA_ELIMINACION,false,29,-10227,0,120301,run-0549-actions.log.gz,147990544
run-0550,7137657451342383988,2792,3490,DIFICIL,JUGADOR_Y_ALIADOS,VICTORIA_ENEMIGA_ELIMINACION,false,29,-9753,0,140735,run-0550-actions.log.gz,148514832
run-0551,-3278904558290828770,2797,4196,MUY_DIFICIL,SOLO_JUGADOR,VICTORIA_ENEMIGA_AGOTAMIENTO,false,30,320,186,193930,run-0551-actions.log.gz,148514832
run-0552,1542144510331139565,2802,5000,PESADILLA,JUGADOR_Y_ALIADOS,VICTORIA_ENEMIGA_AGOTAMIENTO,false,27,1039,186,182643,run-0552-actions.log.gz,149039120
run-0553,-6080830424254059616,2807,5000,DEMENTE,SOLO_JUGADOR,VICTORIA_JUGADOR,true,29,16114,889,180768,run-0553-actions.log.gz,149563408
run-0554,-6743243193023352012,2812,1406,MUY_FACIL,JUGADOR_Y_ALIADOS,VICTORIA_TODOS_ALIADOS,true,32,24964,2812,115326,run-0554-actions.log.gz,150106144
run-0555,9133047686979524848,2817,2113,FACIL,SOLO_JUGADOR,VICTORIA_ALIADA_POST_MORTEM,true,30,16930,1848,126885,run-0555-actions.log.gz,150106144
run-0556,-7663040597249930752,2822,2822,NORMAL,JUGADOR_Y_ALIADOS,VICTORIA_ALIADA_POST_MORTEM,true,24,18784,1852,116296,run-0556-actions.log.gz,150611984
run-0557,278371798797226912,2827,3534,DIFICIL,SOLO_JUGADOR,VICTORIA_ENEMIGA_ELIMINACION,false,32,-9866,0,159508,run-0557-actions.log.gz,151136272
run-0558,-7462646114203788512,2831,4247,MUY_DIFICIL,JUGADOR_Y_ALIADOS,VICTORIA_ENEMIGA_ELIMINACION,false,21,-9373,0,121860,run-0558-actions.log.gz,151136272
run-0559,8228124251640284113,2836,5000,PESADILLA,SOLO_JUGADOR,VICTORIA_ENEMIGA_AGOTAMIENTO,false,39,1004,189,268081,run-0559-actions.log.gz,151660560
run-0560,-5205979730429339911,2841,5000,DEMENTE,JUGADOR_Y_ALIADOS,VICTORIA_ENEMIGA_AGOTAMIENTO,false,28,1007,189,203008,run-0560-actions.log.gz,151689312
run-0561,3546573932165056716,2846,1423,MUY_FACIL,SOLO_JUGADOR,VICTORIA_JUGADOR,true,26,10439,901,103283,run-0561-actions.log.gz,152213600
run-0562,1557281600905864557,2851,2138,FACIL,JUGADOR_Y_ALIADOS,VICTORIA_TODOS_ALIADOS,true,26,26707,2851,106223,run-0562-actions.log.gz,152709136
run-0563,721977737455952892,2856,2856,NORMAL,SOLO_JUGADOR,VICTORIA_ALIADA_POST_MORTEM,true,27,18035,1874,136818,run-0563-actions.log.gz,152709136
run-0564,5608117710632219052,2861,3576,DIFICIL,JUGADOR_Y_ALIADOS,VICTORIA_ALIADA_POST_MORTEM,true,28,20098,1878,154460,run-0564-actions.log.gz,153233424
run-0565,-713087615786179840,2866,4299,MUY_DIFICIL,SOLO_JUGADOR,VICTORIA_ENEMIGA_ELIMINACION,false,39,-9493,0,226204,run-0565-actions.log.gz,153757712
run-0566,-5909699751691572489,2871,5000,PESADILLA,JUGADOR_Y_ALIADOS,VICTORIA_ENEMIGA_ELIMINACION,false,30,-9014,0,184985,run-0566-actions.log.gz,153772008
run-0567,2227589797230134659,2876,5000,DEMENTE,SOLO_JUGADOR,VICTORIA_ENEMIGA_AGOTAMIENTO,false,29,976,191,205214,run-0567-actions.log.gz,154296296
run-0568,-1514171886283539543,2881,1441,MUY_FACIL,JUGADOR_Y_ALIADOS,VICTORIA_ENEMIGA_AGOTAMIENTO,false,34,-2234,192,132556,run-0568-actions.log.gz,154806288
run-0569,-498147321594918700,2885,2164,FACIL,SOLO_JUGADOR,VICTORIA_JUGADOR,true,31,11600,913,141542,run-0569-actions.log.gz,155330576
run-0570,1691152571888259394,2890,2890,NORMAL,JUGADOR_Y_ALIADOS,VICTORIA_TODOS_ALIADOS,true,30,28480,2890,134416,run-0570-actions.log.gz,155330576
run-0571,-695864406446581149,2895,3619,DIFICIL,SOLO_JUGADOR,VICTORIA_ALIADA_POST_MORTEM,true,29,19119,1900,162311,run-0571-actions.log.gz,155854864
run-0572,-775009579618840741,2900,4350,MUY_DIFICIL,JUGADOR_Y_ALIADOS,VICTORIA_ALIADA_POST_MORTEM,true,36,21385,1903,205878,run-0572-actions.log.gz,156379152
run-0573,2893484549052047897,2905,5000,PESADILLA,SOLO_JUGADOR,VICTORIA_ENEMIGA_ELIMINACION,false,35,-9155,0,234470,run-0573-actions.log.gz,156903440
run-0574,3615460523476562619,2910,5000,DEMENTE,JUGADOR_Y_ALIADOS,VICTORIA_ENEMIGA_ELIMINACION,false,27,-9167,0,164259,run-0574-actions.log.gz,156903440
run-0575,1193087081039754385,2915,1458,MUY_FACIL,SOLO_JUGADOR,VICTORIA_ENEMIGA_AGOTAMIENTO,false,35,-2249,194,138718,run-0575-actions.log.gz,157427728
run-0576,-3825111522265061249,2920,2190,FACIL,JUGADOR_Y_ALIADOS,VICTORIA_ENEMIGA_AGOTAMIENTO,false,27,-1589,194,129307,run-0576-actions.log.gz,157952016
run-0577,-8576101317750688066,2925,2925,NORMAL,SOLO_JUGADOR,VICTORIA_JUGADOR,true,32,12754,926,168650,run-0577-actions.log.gz,157952016
run-0578,-796475317657005174,2930,3663,DIFICIL,JUGADOR_Y_ALIADOS,VICTORIA_TODOS_ALIADOS,true,36,30300,2930,185005,run-0578-actions.log.gz,158476304
run-0579,-780228195435464918,2934,4401,MUY_DIFICIL,SOLO_JUGADOR,VICTORIA_ALIADA_POST_MORTEM,true,36,20168,1926,223041,run-0579-actions.log.gz,159000592
run-0580,-5512092793781956152,2939,5000,PESADILLA,JUGADOR_Y_ALIADOS,VICTORIA_ALIADA_POST_MORTEM,true,29,22446,1929,178781,run-0580-actions.log.gz,159524880
run-0581,-2523401502316240208,2944,5000,DEMENTE,SOLO_JUGADOR,VICTORIA_ENEMIGA_ELIMINACION,false,24,-9300,0,166743,run-0581-actions.log.gz,159524880
run-0582,1557497627897448293,2949,1475,MUY_FACIL,JUGADOR_Y_ALIADOS,VICTORIA_ENEMIGA_ELIMINACION,false,30,-11794,0,101839,run-0582-actions.log.gz,160049168
run-0583,2975255927066313586,2954,2216,FACIL,SOLO_JUGADOR,VICTORIA_ENEMIGA_AGOTAMIENTO,false,29,-1592,197,137016,run-0583-actions.log.gz,2282424
run-0584,-5870412620602992636,2959,2959,NORMAL,JUGADOR_Y_ALIADOS,VICTORIA_ENEMIGA_AGOTAMIENTO,false,24,-925,197,131452,run-0584-actions.log.gz,2282424
run-0585,-3265558535969233223,2964,3705,DIFICIL,SOLO_JUGADOR,VICTORIA_JUGADOR,true,32,13880,938,189658,run-0585-actions.log.gz,2806712
run-0586,2874562567859028554,2969,4454,MUY_DIFICIL,JUGADOR_Y_ALIADOS,VICTORIA_TODOS_ALIADOS,true,33,32158,2969,175215,run-0586-actions.log.gz,2830704
run-0587,5055048422533745899,2974,5000,PESADILLA,SOLO_JUGADOR,VICTORIA_ALIADA_POST_MORTEM,true,26,20954,1952,174526,run-0587-actions.log.gz,3354992
run-0588,7480559232183302973,2979,5000,DEMENTE,JUGADOR_Y_ALIADOS,VICTORIA_ALIADA_POST_MORTEM,true,23,22454,1955,158438,run-0588-actions.log.gz,3855288
run-0589,-1017588544506764077,2983,1492,MUY_FACIL,SOLO_JUGADOR,VICTORIA_ENEMIGA_ELIMINACION,false,34,-11922,0,108673,run-0589-actions.log.gz,3855288
run-0590,-8067261550686247097,2988,2241,FACIL,JUGADOR_Y_ALIADOS,VICTORIA_ENEMIGA_ELIMINACION,false,32,-11416,0,119490,run-0590-actions.log.gz,4379576
run-0591,4498793129553323218,2993,2993,NORMAL,SOLO_JUGADOR,VICTORIA_ENEMIGA_AGOTAMIENTO,false,28,-929,199,148314,run-0591-actions.log.gz,4903864
run-0592,-377420009597131291,2998,3748,DIFICIL,JUGADOR_Y_ALIADOS,VICTORIA_ENEMIGA_AGOTAMIENTO,false,28,-257,199,172474,run-0592-actions.log.gz,4903864
run-0593,-7584329710364047430,3003,4505,MUY_DIFICIL,SOLO_JUGADOR,VICTORIA_JUGADOR,true,21,15006,951,137758,run-0593-actions.log.gz,5428152
run-0594,-3217753379266157333,3008,5000,PESADILLA,JUGADOR_Y_ALIADOS,VICTORIA_TODOS_ALIADOS,true,25,33531,3008,146711,run-0594-actions.log.gz,5952440
run-0595,8563878412753852661,3013,5000,DEMENTE,SOLO_JUGADOR,VICTORIA_ALIADA_POST_MORTEM,true,33,20942,1977,231900,run-0595-actions.log.gz,5952440
run-0596,2399393247498054710,3018,1509,MUY_FACIL,JUGADOR_Y_ALIADOS,VICTORIA_ALIADA_POST_MORTEM,true,33,17119,1980,127524,run-0596-actions.log.gz,6476728
run-0597,-5012654742666086574,3023,2267,FACIL,SOLO_JUGADOR,VICTORIA_ENEMIGA_ELIMINACION,false,31,-11537,0,128937,run-0597-actions.log.gz,7001016
run-0598,-3192559021118930013,3028,3028,NORMAL,JUGADOR_Y_ALIADOS,VICTORIA_ENEMIGA_ELIMINACION,false,39,-11031,0,172880,run-0598-actions.log.gz,7001016
run-0599,4489723452500303703,3033,3791,DIFICIL,SOLO_JUGADOR,VICTORIA_ENEMIGA_AGOTAMIENTO,false,35,-253,202,215611,run-0599-actions.log.gz,7525304
run-0600,383034526149644139,3037,4556,MUY_DIFICIL,JUGADOR_Y_ALIADOS,VICTORIA_ENEMIGA_AGOTAMIENTO,false,34,432,202,233336,run-0600-actions.log.gz,8049592
run-0601,-7116863860858813694,3042,5000,PESADILLA,SOLO_JUGADOR,VICTORIA_JUGADOR,true,33,15620,963,235279,run-0601-actions.log.gz,8573880
run-0602,-260784507702507549,3047,5000,DEMENTE,JUGADOR_Y_ALIADOS,VICTORIA_TODOS_ALIADOS,true,31,33798,3047,197966,run-0602-actions.log.gz,9098168
run-0603,-7997588359444564849,3052,1526,MUY_FACIL,SOLO_JUGADOR,VICTORIA_ALIADA_POST_MORTEM,true,31,16792,2003,125467,run-0603-actions.log.gz,9098168
run-0604,8616506542842858296,3057,2293,FACIL,JUGADOR_Y_ALIADOS,VICTORIA_ALIADA_POST_MORTEM,true,31,18405,2006,134193,run-0604-actions.log.gz,9622456
run-0605,-6806830527662481047,3062,3062,NORMAL,SOLO_JUGADOR,VICTORIA_ENEMIGA_ELIMINACION,false,32,-11136,0,154670,run-0605-actions.log.gz,10146744
run-0606,5739350249686647808,3067,3834,DIFICIL,JUGADOR_Y_ALIADOS,VICTORIA_ENEMIGA_ELIMINACION,false,27,-10611,0,145126,run-0606-actions.log.gz,10671032
run-0607,-4239672601264133790,3072,4608,MUY_DIFICIL,SOLO_JUGADOR,VICTORIA_ENEMIGA_AGOTAMIENTO,false,25,455,204,172667,run-0607-actions.log.gz,10671032
run-0608,5450741747118785125,3077,5000,PESADILLA,JUGADOR_Y_ALIADOS,VICTORIA_ENEMIGA_AGOTAMIENTO,false,36,799,205,257386,run-0608-actions.log.gz,11195320
run-0609,-3145895281299024692,3082,5000,DEMENTE,SOLO_JUGADOR,VICTORIA_JUGADOR,true,31,15545,976,223704,run-0609-actions.log.gz,11719608
run-0610,3694232794640987921,3086,1543,MUY_FACIL,JUGADOR_Y_ALIADOS,VICTORIA_TODOS_ALIADOS,true,24,27164,3086,91834,run-0610-actions.log.gz,11719608
run-0611,3322161034620088490,3091,2318,FACIL,SOLO_JUGADOR,VICTORIA_ALIADA_POST_MORTEM,true,26,17824,2028,127433,run-0611-actions.log.gz,12243896
run-0612,5850892349287967195,3096,3096,NORMAL,JUGADOR_Y_ALIADOS,VICTORIA_ALIADA_POST_MORTEM,true,28,19661,2031,150670,run-0612-actions.log.gz,12243896
run-0613,657443100305576734,3101,3876,DIFICIL,SOLO_JUGADOR,VICTORIA_ENEMIGA_ELIMINACION,false,23,-10713,0,129942,run-0613-actions.log.gz,12768184
run-0614,-1657458392968088647,3106,4659,MUY_DIFICIL,JUGADOR_Y_ALIADOS,VICTORIA_ENEMIGA_ELIMINACION,false,36,-10198,0,226574,run-0614-actions.log.gz,13292472
run-0615,-28200780646351807,3111,5000,PESADILLA,SOLO_JUGADOR,VICTORIA_ENEMIGA_AGOTAMIENTO,false,26,775,207,182029,run-0615-actions.log.gz,13292472
run-0616,-853572756811177748,3116,5000,DEMENTE,JUGADOR_Y_ALIADOS,VICTORIA_ENEMIGA_AGOTAMIENTO,false,33,764,207,241099,run-0616-actions.log.gz,13816760
run-0617,-496058805933328305,3121,1561,MUY_FACIL,SOLO_JUGADOR,VICTORIA_JUGADOR,true,35,10849,988,153111,run-0617-actions.log.gz,14341048
run-0618,6271093040119427604,3126,2345,FACIL,JUGADOR_Y_ALIADOS,VICTORIA_TODOS_ALIADOS,true,30,29042,3126,127033,run-0618-actions.log.gz,14865336
run-0619,-2024609382505467356,3131,3131,NORMAL,SOLO_JUGADOR,VICTORIA_ALIADA_POST_MORTEM,true,32,18833,2055,175566,run-0619-actions.log.gz,14865336
run-0620,8414566998670010624,3136,3920,DIFICIL,JUGADOR_Y_ALIADOS,VICTORIA_ALIADA_POST_MORTEM,true,26,20910,2058,157457,run-0620-actions.log.gz,15389624
run-0621,7111506967883361736,3140,4710,MUY_DIFICIL,SOLO_JUGADOR,VICTORIA_ENEMIGA_ELIMINACION,false,29,-10291,0,178846,run-0621-actions.log.gz,15913912
run-0622,1204213048113514562,3145,5000,PESADILLA,JUGADOR_Y_ALIADOS,VICTORIA_ENEMIGA_ELIMINACION,false,25,-10105,0,163728,run-0622-actions.log.gz,15913912
run-0623,-6158053165265037248,3150,5000,DEMENTE,SOLO_JUGADOR,VICTORIA_ENEMIGA_AGOTAMIENTO,false,29,741,210,209154,run-0623-actions.log.gz,16438200
run-0624,1725081909541400322,3155,1578,MUY_FACIL,JUGADOR_Y_ALIADOS,VICTORIA_ENEMIGA_AGOTAMIENTO,false,29,-2343,210,125724,run-0624-actions.log.gz,16962488
run-0625,-6429751455192516502,3160,2370,FACIL,SOLO_JUGADOR,VICTORIA_JUGADOR,true,27,11941,1000,135646,run-0625-actions.log.gz,16962488
run-0626,-5636746486862954727,3165,3165,NORMAL,JUGADOR_Y_ALIADOS,VICTORIA_TODOS_ALIADOS,true,28,30957,3165,139290,run-0626-actions.log.gz,17486776
run-0627,6863128030206569568,3170,3963,DIFICIL,SOLO_JUGADOR,VICTORIA_ALIADA_POST_MORTEM,true,32,22974,2080,175074,run-0627-actions.log.gz,17486776
run-0628,-4339667776916284170,3175,4763,MUY_DIFICIL,JUGADOR_Y_ALIADOS,VICTORIA_ALIADA_POST_MORTEM,true,29,22125,2084,179167,run-0628-actions.log.gz,18011064
run-0629,-1920476633218169535,3180,5000,PESADILLA,SOLO_JUGADOR,VICTORIA_ENEMIGA_ELIMINACION,false,35,-10255,0,228891,run-0629-actions.log.gz,18535352
run-0630,2843377725170203109,3185,5000,DEMENTE,JUGADOR_Y_ALIADOS,VICTORIA_ENEMIGA_ELIMINACION,false,27,-10267,0,185674,run-0630-actions.log.gz,19059640
run-0631,3883862792526651209,3189,1595,MUY_FACIL,SOLO_JUGADOR,VICTORIA_ENEMIGA_AGOTAMIENTO,false,25,-2357,212,103395,run-0631-actions.log.gz,19059640
run-0632,7900002804422707014,3194,2396,FACIL,JUGADOR_Y_ALIADOS,VICTORIA_ENEMIGA_AGOTAMIENTO,false,28,-1637,213,138059,run-0632-actions.log.gz,19583928
run-0633,5384385328110645770,3199,3199,NORMAL,SOLO_JUGADOR,VICTORIA_JUGADOR,true,36,13001,1013,206192,run-0633-actions.log.gz,20126664
run-0634,-5242069207254123952,3204,4005,DIFICIL,JUGADOR_Y_ALIADOS,VICTORIA_TODOS_ALIADOS,true,37,32901,3204,202287,run-0634-actions.log.gz,20126664
run-0635,6201240632905335439,3209,4814,MUY_DIFICIL,SOLO_JUGADOR,VICTORIA_ALIADA_POST_MORTEM,true,25,24605,2106,166013,run-0635-actions.log.gz,20632504
run-0636,-3502081022555111711,3214,5000,PESADILLA,JUGADOR_Y_ALIADOS,VICTORIA_ALIADA_POST_MORTEM,true,26,22453,2109,176995,run-0636-actions.log.gz,21156792
run-0637,-2808980327908218433,3219,5000,DEMENTE,SOLO_JUGADOR,VICTORIA_ENEMIGA_ELIMINACION,false,25,-10401,0,159889,run-0637-actions.log.gz,21156792
run-0638,-4816167403292305441,3224,1612,MUY_FACIL,JUGADOR_Y_ALIADOS,VICTORIA_ENEMIGA_ELIMINACION,false,36,-12804,0,127130,run-0638-actions.log.gz,21681080
run-0639,-2805685112740125205,3229,2422,FACIL,SOLO_JUGADOR,VICTORIA_ENEMIGA_AGOTAMIENTO,false,34,-1653,215,171573,run-0639-actions.log.gz,22205368
run-0640,4473583640034529241,3234,3234,NORMAL,JUGADOR_Y_ALIADOS,VICTORIA_ENEMIGA_AGOTAMIENTO,false,26,-923,215,155480,run-0640-actions.log.gz,22205368
run-0641,2673017854365422123,3238,4048,DIFICIL,SOLO_JUGADOR,VICTORIA_JUGADOR,true,34,14033,1025,214181,run-0641-actions.log.gz,22729656
run-0642,7128040338655954652,3243,4865,MUY_DIFICIL,JUGADOR_Y_ALIADOS,VICTORIA_TODOS_ALIADOS,true,35,34896,3243,214086,run-0642-actions.log.gz,23253944
run-0643,4542560375168237923,3248,5000,PESADILLA,SOLO_JUGADOR,VICTORIA_ALIADA_POST_MORTEM,true,34,24939,2131,224343,run-0643-actions.log.gz,23778232
run-0644,-5910787636131437707,3253,5000,DEMENTE,JUGADOR_Y_ALIADOS,VICTORIA_ALIADA_POST_MORTEM,true,35,22446,2135,242803,run-0644-actions.log.gz,23778232
run-0645,7530270967069247191,3258,1629,MUY_FACIL,SOLO_JUGADOR,VICTORIA_ENEMIGA_ELIMINACION,false,29,-12921,0,103771,run-0645-actions.log.gz,24302520
run-0646,2048440217342206082,3263,2447,FACIL,JUGADOR_Y_ALIADOS,VICTORIA_ENEMIGA_ELIMINACION,false,29,-12369,0,119519,run-0646-actions.log.gz,24826808
run-0647,-4503373173892980844,3268,3268,NORMAL,SOLO_JUGADOR,VICTORIA_ENEMIGA_AGOTAMIENTO,false,32,-927,217,180447,run-0647-actions.log.gz,25351096
run-0648,-8663648403312444671,3273,4091,DIFICIL,JUGADOR_Y_ALIADOS,VICTORIA_ENEMIGA_AGOTAMIENTO,false,38,-194,218,241004,run-0648-actions.log.gz,25351096
run-0649,-8945189529996217436,3278,4917,MUY_DIFICIL,SOLO_JUGADOR,VICTORIA_JUGADOR,true,35,15039,1038,252618,run-0649-actions.log.gz,25875384
run-0650,8349504661566021587,3283,5000,PESADILLA,JUGADOR_Y_ALIADOS,VICTORIA_TODOS_ALIADOS,true,35,35446,3283,210876,run-0650-actions.log.gz,26399672
run-0651,-3143934837248208579,3288,5000,DEMENTE,SOLO_JUGADOR,VICTORIA_ALIADA_POST_MORTEM,true,29,24946,2157,180899,run-0651-actions.log.gz,26923960
run-0652,5400524439059116149,3292,1646,MUY_FACIL,JUGADOR_Y_ALIADOS,VICTORIA_ALIADA_POST_MORTEM,true,33,18083,2160,142867,run-0652-actions.log.gz,26923960
run-0653,8639029451744132638,3297,2473,FACIL,SOLO_JUGADOR,VICTORIA_ENEMIGA_ELIMINACION,false,33,-12489,0,154244,run-0653-actions.log.gz,27448248
run-0654,8256089449335647176,3302,3302,NORMAL,JUGADOR_Y_ALIADOS,VICTORIA_ENEMIGA_ELIMINACION,false,30,-11926,0,151347,run-0654-actions.log.gz,27972536
run-0655,-985247632350753282,3307,4134,DIFICIL,SOLO_JUGADOR,VICTORIA_ENEMIGA_AGOTAMIENTO,false,21,-169,220,148571,run-0655-actions.log.gz,28013656
run-0656,5236868342614644342,3312,4968,MUY_DIFICIL,JUGADOR_Y_ALIADOS,VICTORIA_ENEMIGA_AGOTAMIENTO,false,27,569,220,204756,run-0656-actions.log.gz,28537944
run-0657,8803790281436519544,3317,5000,PESADILLA,SOLO_JUGADOR,VICTORIA_JUGADOR,true,26,15064,1050,188299,run-0657-actions.log.gz,29021112
run-0658,2619405863709826621,3322,5000,DEMENTE,JUGADOR_Y_ALIADOS,VICTORIA_TODOS_ALIADOS,true,34,35720,3322,219662,run-0658-actions.log.gz,29021112
run-0659,2480544551777015013,3327,1664,MUY_FACIL,SOLO_JUGADOR,VICTORIA_ALIADA_POST_MORTEM,true,30,19046,2184,127080,run-0659-actions.log.gz,29545400
run-0660,-6873537350440924836,3332,2499,FACIL,JUGADOR_Y_ALIADOS,VICTORIA_ALIADA_POST_MORTEM,true,29,19284,2187,145276,run-0660-actions.log.gz,30069688
run-0661,7565964829260356648,3337,3337,NORMAL,SOLO_JUGADOR,VICTORIA_ENEMIGA_ELIMINACION,false,30,-12042,0,161922,run-0661-actions.log.gz,30593976
run-0662,-7877598880551298452,3341,4176,DIFICIL,JUGADOR_Y_ALIADOS,VICTORIA_ENEMIGA_ELIMINACION,false,30,-11470,0,178237,run-0662-actions.log.gz,30593976
run-0663,-4472515934134557043,3346,5000,MUY_DIFICIL,SOLO_JUGADOR,VICTORIA_ENEMIGA_AGOTAMIENTO,false,23,578,223,176107,run-0663-actions.log.gz,31118264
run-0664,6911177627366863186,3351,5000,PESADILLA,JUGADOR_Y_ALIADOS,VICTORIA_ENEMIGA_AGOTAMIENTO,false,33,560,223,248151,run-0664-actions.log.gz,31118264
run-0665,-2268632306888415313,3356,5000,DEMENTE,SOLO_JUGADOR,VICTORIA_JUGADOR,true,25,14988,1063,185023,run-0665-actions.log.gz,31642552
run-0666,-260094682466843635,3361,1681,MUY_FACIL,JUGADOR_Y_ALIADOS,VICTORIA_TODOS_ALIADOS,true,26,29363,3361,114310,run-0666-actions.log.gz,32166840
run-0667,-4078634170563192676,3366,2525,FACIL,SOLO_JUGADOR,VICTORIA_ALIADA_POST_MORTEM,true,31,20646,2209,150032,run-0667-actions.log.gz,32166840
run-0668,2533340254428901334,3371,3371,NORMAL,JUGADOR_Y_ALIADOS,VICTORIA_ALIADA_POST_MORTEM,true,24,20442,2212,137743,run-0668-actions.log.gz,32691128
run-0669,-5632783013465084357,3376,4220,DIFICIL,SOLO_JUGADOR,VICTORIA_ENEMIGA_ELIMINACION,false,35,-11585,0,213287,run-0669-actions.log.gz,33215416
run-0670,-172843016571219555,3381,5000,MUY_DIFICIL,JUGADOR_Y_ALIADOS,VICTORIA_ENEMIGA_ELIMINACION,false,32,-11056,0,221019,run-0670-actions.log.gz,33215416
run-0671,-4309611070365069769,3386,5000,PESADILLA,SOLO_JUGADOR,VICTORIA_ENEMIGA_AGOTAMIENTO,false,19,544,225,150411,run-0671-actions.log.gz,33739704
run-0672,-6499923378007927346,3391,5000,DEMENTE,JUGADOR_Y_ALIADOS,VICTORIA_ENEMIGA_AGOTAMIENTO,false,31,531,226,230645,run-0672-actions.log.gz,34263992
run-0673,8229347807324030233,3395,1698,MUY_FACIL,SOLO_JUGADOR,VICTORIA_JUGADOR,true,27,11216,1075,130114,run-0673-actions.log.gz,34263992
run-0674,-5688260796105337337,3400,2550,FACIL,JUGADOR_Y_ALIADOS,VICTORIA_TODOS_ALIADOS,true,26,31374,3400,131350,run-0674-actions.log.gz,34788280
run-0675,2540675832576265652,3405,3405,NORMAL,SOLO_JUGADOR,VICTORIA_ALIADA_POST_MORTEM,true,22,22239,2235,123509,run-0675-actions.log.gz,35312568
run-0676,-8912967341480191828,3410,4263,DIFICIL,JUGADOR_Y_ALIADOS,VICTORIA_ALIADA_POST_MORTEM,true,28,21566,2238,193314,run-0676-actions.log.gz,35312568
run-0677,7355610504342802561,3415,5000,MUY_DIFICIL,SOLO_JUGADOR,VICTORIA_ENEMIGA_ELIMINACION,false,26,-11186,0,173788,run-0677-actions.log.gz,35836856
run-0678,3070264454375807097,3420,5000,PESADILLA,JUGADOR_Y_ALIADOS,VICTORIA_ENEMIGA_ELIMINACION,false,26,-11206,0,186782,run-0678-actions.log.gz,35836856
run-0679,-681257048433437522,3425,5000,DEMENTE,SOLO_JUGADOR,VICTORIA_ENEMIGA_AGOTAMIENTO,false,29,503,228,214489,run-0679-actions.log.gz,36361144
run-0680,-7355569772744712610,3430,1715,MUY_FACIL,JUGADOR_Y_ALIADOS,VICTORIA_ENEMIGA_AGOTAMIENTO,false,30,-2462,228,139912,run-0680-actions.log.gz,36885432
run-0681,-7737332394630976259,3435,2576,FACIL,SOLO_JUGADOR,VICTORIA_JUGADOR,true,27,14259,1088,137610,run-0681-actions.log.gz,36885432
run-0682,6823253039635861002,3440,3440,NORMAL,JUGADOR_Y_ALIADOS,VICTORIA_TODOS_ALIADOS,true,34,33426,3440,190956,run-0682-actions.log.gz,37409720
run-0683,3949285569074237979,3444,4305,DIFICIL,SOLO_JUGADOR,VICTORIA_ALIADA_POST_MORTEM,true,22,23794,2260,144088,run-0683-actions.log.gz,37934008
run-0684,1840299785808607724,3449,5000,MUY_DIFICIL,JUGADOR_Y_ALIADOS,VICTORIA_ALIADA_POST_MORTEM,true,22,22455,2263,162481,run-0684-actions.log.gz,37934008
run-0685,7368039386687421898,3454,5000,PESADILLA,SOLO_JUGADOR,VICTORIA_ENEMIGA_ELIMINACION,false,23,-11339,0,156801,run-0685-actions.log.gz,38458296
run-0686,57141698344231417,3459,5000,DEMENTE,JUGADOR_Y_ALIADOS,VICTORIA_ENEMIGA_ELIMINACION,false,28,-11364,0,193965,run-0686-actions.log.gz,38458296
run-0687,-5307687095083318947,3464,1732,MUY_FACIL,SOLO_JUGADOR,VICTORIA_ENEMIGA_AGOTAMIENTO,false,33,-2474,231,153343,run-0687-actions.log.gz,38982584
run-0688,-2756264415361566017,3469,2602,FACIL,JUGADOR_Y_ALIADOS,VICTORIA_ENEMIGA_AGOTAMIENTO,false,26,-1691,231,147557,run-0688-actions.log.gz,39506872
run-0689,-7750175667783502023,3474,3474,NORMAL,SOLO_JUGADOR,VICTORIA_JUGADOR,true,30,15912,1100,178508,run-0689-actions.log.gz,39506872
run-0690,9082993948654860463,3479,4349,DIFICIL,JUGADOR_Y_ALIADOS,VICTORIA_TODOS_ALIADOS,true,33,35518,3479,202692,run-0690-actions.log.gz,40031160
run-0691,-1038930206023399634,3484,5000,MUY_DIFICIL,SOLO_JUGADOR,VICTORIA_ALIADA_POST_MORTEM,true,32,24950,2286,215898,run-0691-actions.log.gz,40055784
run-0692,-6407754182859968705,3489,5000,PESADILLA,JUGADOR_Y_ALIADOS,VICTORIA_ALIADA_POST_MORTEM,true,22,22457,2289,166910,run-0692-actions.log.gz,40555448
run-0693,4019506593042384366,3494,5000,DEMENTE,SOLO_JUGADOR,VICTORIA_ENEMIGA_ELIMINACION,false,24,-11500,0,165898,run-0693-actions.log.gz,41079736
run-0694,3846549507550244605,3498,1749,MUY_FACIL,JUGADOR_Y_ALIADOS,VICTORIA_ENEMIGA_ELIMINACION,false,30,-13798,0,108511,run-0694-actions.log.gz,41079736
run-0695,5739962238091033080,3503,2627,FACIL,SOLO_JUGADOR,VICTORIA_ENEMIGA_AGOTAMIENTO,false,29,-1702,233,165060,run-0695-actions.log.gz,41604024
run-0696,-7931284492525423262,3508,3508,NORMAL,JUGADOR_Y_ALIADOS,VICTORIA_ENEMIGA_AGOTAMIENTO,false,27,-914,233,171434,run-0696-actions.log.gz,42128312
run-0697,4224813093407412959,3513,4391,DIFICIL,SOLO_JUGADOR,VICTORIA_JUGADOR,true,32,17544,1112,212502,run-0697-actions.log.gz,42128312
run-0698,-7688502814422361669,3518,5000,MUY_DIFICIL,JUGADOR_Y_ALIADOS,VICTORIA_TODOS_ALIADOS,true,35,37091,3518,234649,run-0698-actions.log.gz,42652600
run-0699,-3495006445421289922,3523,5000,PESADILLA,SOLO_JUGADOR,VICTORIA_ALIADA_POST_MORTEM,true,39,24945,2312,270052,run-0699-actions.log.gz,43176888
run-0700,4741422996388306721,3528,5000,DEMENTE,JUGADOR_Y_ALIADOS,VICTORIA_ALIADA_POST_MORTEM,true,27,22454,2315,208366,run-0700-actions.log.gz,43701176
run-0701,-13876845046840444,3533,1767,MUY_FACIL,SOLO_JUGADOR,VICTORIA_ENEMIGA_ELIMINACION,false,28,-13924,0,103121,run-0701-actions.log.gz,43701176
run-0702,2153838921686012140,3538,2654,FACIL,JUGADOR_Y_ALIADOS,VICTORIA_ENEMIGA_ELIMINACION,false,23,-13317,0,105788,run-0702-actions.log.gz,44225464
run-0703,1813683468374212415,3543,3543,NORMAL,SOLO_JUGADOR,VICTORIA_ENEMIGA_AGOTAMIENTO,false,22,-906,236,143086,run-0703-actions.log.gz,44749752
run-0704,8775308138690929987,3547,4434,DIFICIL,JUGADOR_Y_ALIADOS,VICTORIA_ENEMIGA_AGOTAMIENTO,false,34,-120,236,234156,run-0704-actions.log.gz,44749752
run-0705,7635500282690154103,3552,5000,MUY_DIFICIL,SOLO_JUGADOR,VICTORIA_JUGADOR,true,29,18578,1125,188763,run-0705-actions.log.gz,45274040
run-0706,-8307652941937171580,3557,5000,PESADILLA,JUGADOR_Y_ALIADOS,VICTORIA_TODOS_ALIADOS,true,34,37365,3557,215638,run-0706-actions.log.gz,45798328
run-0707,3626941146606864176,3562,5000,DEMENTE,SOLO_JUGADOR,VICTORIA_ALIADA_POST_MORTEM,true,31,24948,2337,220950,run-0707-actions.log.gz,45798328
run-0708,-4098602378062756957,3567,1784,MUY_FACIL,JUGADOR_Y_ALIADOS,VICTORIA_ALIADA_POST_MORTEM,true,25,20428,2341,122958,run-0708-actions.log.gz,46322616
run-0709,-8079718752642787157,3572,2679,FACIL,SOLO_JUGADOR,VICTORIA_ENEMIGA_ELIMINACION,false,35,-13447,0,159344,run-0709-actions.log.gz,46846904
run-0710,2450890677375915394,3577,3577,NORMAL,JUGADOR_Y_ALIADOS,VICTORIA_ENEMIGA_ELIMINACION,false,35,-12839,0,199691,run-0710-actions.log.gz,46846904
run-0711,-1731349256970190920,3582,4478,DIFICIL,SOLO_JUGADOR,VICTORIA_ENEMIGA_AGOTAMIENTO,false,38,-118,238,267115,run-0711-actions.log.gz,47371192
run-0712,8785481618823477843,3587,5000,MUY_DIFICIL,JUGADOR_Y_ALIADOS,VICTORIA_ENEMIGA_AGOTAMIENTO,false,27,366,239,208966,run-0712-actions.log.gz,47895480
run-0713,-7508663305390799676,3592,5000,PESADILLA,SOLO_JUGADOR,VICTORIA_JUGADOR,true,26,18497,1137,181308,run-0713-actions.log.gz,48419768
run-0714,8187339834359565285,3596,5000,DEMENTE,JUGADOR_Y_ALIADOS,VICTORIA_TODOS_ALIADOS,true,24,37648,3596,160234,run-0714-actions.log.gz,48419768
run-0715,-4289049355666026140,3601,1801,MUY_FACIL,SOLO_JUGADOR,VICTORIA_ALIADA_POST_MORTEM,true,31,19998,2363,151315,run-0715-actions.log.gz,48944056
run-0716,3371770741027399033,3606,2705,FACIL,JUGADOR_Y_ALIADOS,VICTORIA_ALIADA_POST_MORTEM,true,25,22232,2367,137828,run-0716-actions.log.gz,49468344
run-0717,3873691763133913911,3611,3611,NORMAL,SOLO_JUGADOR,VICTORIA_ENEMIGA_ELIMINACION,false,30,-12946,0,175223,run-0717-actions.log.gz,49468344
run-0718,-1809589983493791333,3616,4520,DIFICIL,JUGADOR_Y_ALIADOS,VICTORIA_ENEMIGA_ELIMINACION,false,29,-12329,0,190031,run-0718-actions.log.gz,49992632
run-0719,-690238296297224545,3621,5000,MUY_DIFICIL,SOLO_JUGADOR,VICTORIA_ENEMIGA_AGOTAMIENTO,false,25,334,241,195862,run-0719-actions.log.gz,50516920
run-0720,2366137835471968361,3626,5000,PESADILLA,JUGADOR_Y_ALIADOS,VICTORIA_ENEMIGA_AGOTAMIENTO,false,32,323,241,249635,run-0720-actions.log.gz,50516920
run-0721,872030793305555694,3631,5000,DEMENTE,SOLO_JUGADOR,VICTORIA_JUGADOR,true,25,18421,1150,185974,run-0721-actions.log.gz,51041208
run-0722,-648541538076713062,3636,1818,MUY_FACIL,JUGADOR_Y_ALIADOS,VICTORIA_TODOS_ALIADOS,true,29,31559,3636,135472,run-0722-actions.log.gz,51574728
run-0723,-84990336180512581,3641,2731,FACIL,SOLO_JUGADOR,VICTORIA_ALIADA_POST_MORTEM,true,22,21521,2389,126799,run-0723-actions.log.gz,51574728
run-0724,-4725768281784775418,3646,3646,NORMAL,JUGADOR_Y_ALIADOS,VICTORIA_ALIADA_POST_MORTEM,true,27,24010,2393,161863,run-0724-actions.log.gz,52089784
run-0725,7778188302178996180,3650,4563,DIFICIL,SOLO_JUGADOR,VICTORIA_ENEMIGA_ELIMINACION,false,37,-12443,0,226080,run-0725-actions.log.gz,52089784
run-0726,-184057920514066908,3655,5000,MUY_DIFICIL,JUGADOR_Y_ALIADOS,VICTORIA_ENEMIGA_ELIMINACION,false,29,-12149,0,195456,run-0726-actions.log.gz,52614072
run-0727,-8968124719399098785,3660,5000,PESADILLA,SOLO_JUGADOR,VICTORIA_ENEMIGA_AGOTAMIENTO,false,36,292,244,272942,run-0727-actions.log.gz,53138360
run-0728,-1330402680862853572,3665,5000,DEMENTE,JUGADOR_Y_ALIADOS,VICTORIA_ENEMIGA_AGOTAMIENTO,false,29,295,244,224956,run-0728-actions.log.gz,53662648
run-0729,3314855357462808512,3670,1835,MUY_FACIL,SOLO_JUGADOR,VICTORIA_JUGADOR,true,33,12973,1162,164251,run-0729-actions.log.gz,53662648
run-0730,2725113006909581765,3675,2756,FACIL,JUGADOR_Y_ALIADOS,VICTORIA_TODOS_ALIADOS,true,20,33717,3675,113482,run-0730-actions.log.gz,54186936
run-0731,-4016349428505652649,3680,3680,NORMAL,SOLO_JUGADOR,VICTORIA_ALIADA_POST_MORTEM,true,23,23004,2415,140558,run-0731-actions.log.gz,54711224
run-0732,-4456004371375542647,3685,4606,DIFICIL,JUGADOR_Y_ALIADOS,VICTORIA_ALIADA_POST_MORTEM,true,29,25755,2418,198528,run-0732-actions.log.gz,54711224
run-0733,5524882594664632479,3690,5000,MUY_DIFICIL,SOLO_JUGADOR,VICTORIA_ENEMIGA_ELIMINACION,false,30,-12290,0,207568,run-0733-actions.log.gz,55235512
run-0734,5789667580276332673,3695,5000,PESADILLA,JUGADOR_Y_ALIADOS,VICTORIA_ENEMIGA_ELIMINACION,false,27,-12307,0,184241,run-0734-actions.log.gz,55235512
run-0735,7836054409739799058,3699,5000,DEMENTE,SOLO_JUGADOR,VICTORIA_ENEMIGA_AGOTAMIENTO,false,32,258,246,243015,run-0735-actions.log.gz,55759800
run-0736,-4958308137896614087,3704,1852,MUY_FACIL,JUGADOR_Y_ALIADOS,VICTORIA_ENEMIGA_AGOTAMIENTO,false,31,-2572,247,149351,run-0736-actions.log.gz,56284088
run-0737,2055888518017459074,3709,2782,FACIL,SOLO_JUGADOR,VICTORIA_JUGADOR,true,27,14569,1174,153732,run-0737-actions.log.gz,56326088
run-0738,3424312267315786780,3714,3714,NORMAL,JUGADOR_Y_ALIADOS,VICTORIA_TODOS_ALIADOS,true,34,35892,3714,200592,run-0738-actions.log.gz,56850376
run-0739,-47151287182101381,3719,4649,DIFICIL,SOLO_JUGADOR,VICTORIA_ALIADA_POST_MORTEM,true,23,24458,2441,160448,run-0739-actions.log.gz,57332664
run-0740,-4559691386159084747,3724,5000,MUY_DIFICIL,JUGADOR_Y_ALIADOS,VICTORIA_ALIADA_POST_MORTEM,true,20,26468,2444,144818,run-0740-actions.log.gz,57332664
run-0741,-6875847618109370338,3729,5000,PESADILLA,SOLO_JUGADOR,VICTORIA_ENEMIGA_ELIMINACION,false,35,-12451,0,232770,run-0741-actions.log.gz,57856952
run-0742,-5104269808154761314,3734,5000,DEMENTE,JUGADOR_Y_ALIADOS,VICTORIA_ENEMIGA_ELIMINACION,false,25,-12461,0,175675,run-0742-actions.log.gz,58381240
run-0743,-8337634655382667042,3739,1870,MUY_FACIL,SOLO_JUGADOR,VICTORIA_ENEMIGA_AGOTAMIENTO,false,32,-2589,249,155622,run-0743-actions.log.gz,58381240
run-0744,-3171079434012699007,3744,2808,FACIL,JUGADOR_Y_ALIADOS,VICTORIA_ENEMIGA_AGOTAMIENTO,false,26,-1747,249,151480,run-0744-actions.log.gz,58905528
run-0745,-3910468201946008590,3749,3749,NORMAL,SOLO_JUGADOR,VICTORIA_JUGADOR,true,34,16131,1187,211341,run-0745-actions.log.gz,59429816
run-0746,-3826925241015880157,3753,4691,DIFICIL,JUGADOR_Y_ALIADOS,VICTORIA_TODOS_ALIADOS,true,39,38114,3753,255706,run-0746-actions.log.gz,59954104
run-0747,-7370230636862521560,3758,5000,MUY_DIFICIL,SOLO_JUGADOR,VICTORIA_ALIADA_POST_MORTEM,true,30,24956,2466,225305,run-0747-actions.log.gz,59954104
run-0748,-6046048562160295236,3763,5000,PESADILLA,JUGADOR_Y_ALIADOS,VICTORIA_ALIADA_POST_MORTEM,true,33,26450,2469,212516,run-0748-actions.log.gz,60478392
run-0749,-2660699700864117652,3768,5000,DEMENTE,SOLO_JUGADOR,VICTORIA_ENEMIGA_ELIMINACION,false,26,-12598,0,182195,run-0749-actions.log.gz,61002680
run-0750,-8719405094822599974,3773,1887,MUY_FACIL,JUGADOR_Y_ALIADOS,VICTORIA_ENEMIGA_ELIMINACION,false,34,-14806,0,144137,run-0750-actions.log.gz,61002680
run-0751,8821660219354411596,3778,2834,FACIL,SOLO_JUGADOR,VICTORIA_ENEMIGA_AGOTAMIENTO,false,26,-1755,251,152435,run-0751-actions.log.gz,61526968
run-0752,3626444088122709210,3783,3783,NORMAL,JUGADOR_Y_ALIADOS,VICTORIA_ENEMIGA_AGOTAMIENTO,false,39,-915,252,257445,run-0752-actions.log.gz,62051256
run-0753,-1877943537278259096,3788,4735,DIFICIL,SOLO_JUGADOR,VICTORIA_JUGADOR,true,32,17663,1199,231463,run-0753-actions.log.gz,62575544
run-0754,-6684786045030620320,3793,5000,MUY_DIFICIL,JUGADOR_Y_ALIADOS,VICTORIA_TODOS_ALIADOS,true,24,39027,3793,157265,run-0754-actions.log.gz,62575544
run-0755,2831816405908698040,3798,5000,PESADILLA,SOLO_JUGADOR,VICTORIA_ALIADA_POST_MORTEM,true,31,24964,2493,238229,run-0755-actions.log.gz,63116232
run-0756,3953479945407269150,3802,5000,DEMENTE,JUGADOR_Y_ALIADOS,VICTORIA_ALIADA_POST_MORTEM,true,32,26453,2495,219201,run-0756-actions.log.gz,63624120
run-0757,-2032167989111727700,3807,1904,MUY_FACIL,SOLO_JUGADOR,VICTORIA_ENEMIGA_ELIMINACION,false,34,-14930,0,136508,run-0757-actions.log.gz,63624120
run-0758,-6751498360598812285,3812,2859,FACIL,JUGADOR_Y_ALIADOS,VICTORIA_ENEMIGA_ELIMINACION,false,39,-14285,0,194346,run-0758-actions.log.gz,64148408
run-0759,-1347624766841455149,3817,3817,NORMAL,SOLO_JUGADOR,VICTORIA_ENEMIGA_AGOTAMIENTO,false,33,-907,254,226411,run-0759-actions.log.gz,64672696
run-0760,-5061034570735474817,3822,4778,DIFICIL,JUGADOR_Y_ALIADOS,VICTORIA_ENEMIGA_AGOTAMIENTO,false,33,-51,254,256213,run-0760-actions.log.gz,65196984
run-0761,6297596917457979073,3827,5000,MUY_DIFICIL,SOLO_JUGADOR,VICTORIA_JUGADOR,true,26,18014,1212,196506,run-0761-actions.log.gz,65721272
run-0762,7389953193020522861,3832,5000,PESADILLA,JUGADOR_Y_ALIADOS,VICTORIA_TODOS_ALIADOS,true,34,39290,3832,235908,run-0762-actions.log.gz,65721272
run-0763,4399238033916325177,3837,5000,DEMENTE,SOLO_JUGADOR,VICTORIA_ALIADA_POST_MORTEM,true,29,24961,2518,212434,run-0763-actions.log.gz,66245560
run-0764,7044918987551714732,3842,1921,MUY_FACIL,JUGADOR_Y_ALIADOS,VICTORIA_ALIADA_POST_MORTEM,true,31,21370,2521,152343,run-0764-actions.log.gz,66769848
run-0765,4054102761944611210,3847,2885,FACIL,SOLO_JUGADOR,VICTORIA_ENEMIGA_ELIMINACION,false,29,-14397,0,148153,run-0765-actions.log.gz,66769848
run-0766,-436667401620248817,3851,3851,NORMAL,JUGADOR_Y_ALIADOS,VICTORIA_ENEMIGA_ELIMINACION,false,23,-13731,0,145894,run-0766-actions.log.gz,67294136
run-0767,-2575896508791466902,3856,4820,DIFICIL,SOLO_JUGADOR,VICTORIA_ENEMIGA_AGOTAMIENTO,false,34,-37,257,265282,run-0767-actions.log.gz,67818424
run-0768,-1575603406208624825,3861,5000,MUY_DIFICIL,JUGADOR_Y_ALIADOS,VICTORIA_ENEMIGA_AGOTAMIENTO,false,35,116,257,272353,run-0768-actions.log.gz,67818424
run-0769,-7679795238341709642,3866,5000,PESADILLA,SOLO_JUGADOR,VICTORIA_JUGADOR,true,34,17922,1224,263395,run-0769-actions.log.gz,68342712
run-0770,-44534999107707934,3871,5000,DEMENTE,JUGADOR_Y_ALIADOS,VICTORIA_TODOS_ALIADOS,true,29,39568,3871,194548,run-0770-actions.log.gz,68867000
run-0771,6452323212786380249,3876,1938,MUY_FACIL,SOLO_JUGADOR,VICTORIA_ALIADA_POST_MORTEM,true,34,20904,2544,169774,run-0771-actions.log.gz,69391288
run-0772,3739289102858609480,3881,2911,FACIL,JUGADOR_Y_ALIADOS,VICTORIA_ALIADA_POST_MORTEM,true,25,23080,2547,145902,run-0772-actions.log.gz,69391288
run-0773,5917158445197250347,3886,3886,NORMAL,SOLO_JUGADOR,VICTORIA_ENEMIGA_ELIMINACION,false,28,-13852,0,157243,run-0773-actions.log.gz,69915576
run-0774,-4637844278866197314,3891,4864,DIFICIL,JUGADOR_Y_ALIADOS,VICTORIA_ENEMIGA_ELIMINACION,false,34,-13194,0,242705,run-0774-actions.log.gz,70439864
run-0775,2486037492541538514,3896,5000,MUY_DIFICIL,SOLO_JUGADOR,VICTORIA_ENEMIGA_AGOTAMIENTO,false,30,91,259,247075,run-0775-actions.log.gz,70439864
run-0776,-3226317663450554279,3901,5000,PESADILLA,JUGADOR_Y_ALIADOS,VICTORIA_ENEMIGA_AGOTAMIENTO,false,37,83,260,280535,run-0776-actions.log.gz,70964152
run-0777,2777184778297806521,3905,5000,DEMENTE,SOLO_JUGADOR,VICTORIA_JUGADOR,true,38,17834,1236,279863,run-0777-actions.log.gz,71488440
run-0778,667447205948998415,3910,1955,MUY_FACIL,JUGADOR_Y_ALIADOS,VICTORIA_TODOS_ALIADOS,true,28,33752,3910,141766,run-0778-actions.log.gz,72012728
run-0779,-6008897834989075620,3915,2936,FACIL,SOLO_JUGADOR,VICTORIA_ALIADA_POST_MORTEM,true,22,22299,2569,128115,run-0779-actions.log.gz,72012728
run-0780,5828142372398283674,3920,3920,NORMAL,JUGADOR_Y_ALIADOS,VICTORIA_ALIADA_POST_MORTEM,true,29,24739,2572,190955,run-0780-actions.log.gz,72553416
run-0781,750253421265710651,3925,4906,DIFICIL,SOLO_JUGADOR,VICTORIA_ENEMIGA_ELIMINACION,false,30,-13296,0,206599,run-0781-actions.log.gz,73061304
run-0782,-7838209617230531891,3930,5000,MUY_DIFICIL,JUGADOR_Y_ALIADOS,VICTORIA_ENEMIGA_ELIMINACION,false,31,-13251,0,212506,run-0782-actions.log.gz,73061304
run-0783,7715815994743101256,3935,5000,PESADILLA,SOLO_JUGADOR,VICTORIA_ENEMIGA_AGOTAMIENTO,false,32,58,262,255430,run-0783-actions.log.gz,73585592
run-0784,7162574675349095450,3940,5000,DEMENTE,JUGADOR_Y_ALIADOS,VICTORIA_ENEMIGA_AGOTAMIENTO,false,34,48,262,260301,run-0784-actions.log.gz,74109880
run-0785,7421986708071103604,3945,1973,MUY_FACIL,SOLO_JUGADOR,VICTORIA_JUGADOR,true,36,13315,1249,195885,run-0785-actions.log.gz,74634168
run-0786,3370217405176640144,3950,2963,FACIL,JUGADOR_Y_ALIADOS,VICTORIA_TODOS_ALIADOS,true,34,36042,3950,202485,run-0786-actions.log.gz,74634168
run-0787,-4324509491842522712,3954,3954,NORMAL,SOLO_JUGADOR,VICTORIA_ALIADA_POST_MORTEM,true,34,23637,2595,226760,run-0787-actions.log.gz,75158456
run-0788,-8291062372179209720,3959,4949,DIFICIL,JUGADOR_Y_ALIADOS,VICTORIA_ALIADA_POST_MORTEM,true,28,26382,2598,212281,run-0788-actions.log.gz,75682744
run-0789,7693631626412178875,3964,5000,MUY_DIFICIL,SOLO_JUGADOR,VICTORIA_ENEMIGA_ELIMINACION,false,32,-13388,0,224924,run-0789-actions.log.gz,76207032
run-0790,-7920498962502465199,3969,5000,PESADILLA,JUGADOR_Y_ALIADOS,VICTORIA_ENEMIGA_ELIMINACION,false,23,-13399,0,172867,run-0790-actions.log.gz,76207032
run-0791,-724707112315046878,3974,5000,DEMENTE,SOLO_JUGADOR,VICTORIA_ENEMIGA_AGOTAMIENTO,false,29,30,265,240153,run-0791-actions.log.gz,76731320
run-0792,5854332863990484530,3979,1990,MUY_FACIL,JUGADOR_Y_ALIADOS,VICTORIA_ENEMIGA_AGOTAMIENTO,false,41,-2698,265,215719,run-0792-actions.log.gz,76731320
run-0793,7429133019268647864,3984,2988,FACIL,SOLO_JUGADOR,VICTORIA_JUGADOR,true,32,14789,1261,205445,run-0793-actions.log.gz,77255608
run-0794,7092672745198131491,3989,3989,NORMAL,JUGADOR_Y_ALIADOS,VICTORIA_TODOS_ALIADOS,true,35,38366,3989,209459,run-0794-actions.log.gz,77779896
run-0795,-5442465600827508247,3994,4993,DIFICIL,SOLO_JUGADOR,VICTORIA_ALIADA_POST_MORTEM,true,19,24964,2621,156851,run-0795-actions.log.gz,78304184
run-0796,-3667449060363646265,3999,5000,MUY_DIFICIL,JUGADOR_Y_ALIADOS,VICTORIA_ALIADA_POST_MORTEM,true,23,26476,2625,179752,run-0796-actions.log.gz,78304184
run-0797,5384566535287780631,4004,5000,PESADILLA,SOLO_JUGADOR,VICTORIA_ENEMIGA_ELIMINACION,false,25,-13541,0,182826,run-0797-actions.log.gz,78828472
run-0798,-1034734252769039822,4008,5000,DEMENTE,JUGADOR_Y_ALIADOS,VICTORIA_ENEMIGA_ELIMINACION,false,29,-13561,0,218976,run-0798-actions.log.gz,78828472
run-0799,-803214433947973757,4013,2007,MUY_FACIL,SOLO_JUGADOR,VICTORIA_ENEMIGA_AGOTAMIENTO,false,38,-2711,267,205386,run-0799-actions.log.gz,79352760
run-0800,-5308333072592614529,4018,3014,FACIL,JUGADOR_Y_ALIADOS,VICTORIA_ENEMIGA_AGOTAMIENTO,false,31,-1806,267,199407,run-0800-actions.log.gz,79877048
run-0801,-4199311448339789699,4023,4023,NORMAL,SOLO_JUGADOR,VICTORIA_JUGADOR,true,33,16229,1274,226174,run-0801-actions.log.gz,80401336
run-0802,5068657634871332219,4028,5000,DIFICIL,JUGADOR_Y_ALIADOS,VICTORIA_TODOS_ALIADOS,true,27,40669,4028,183229,run-0802-actions.log.gz,80401336
run-0803,2926743851871349341,4033,5000,MUY_DIFICIL,SOLO_JUGADOR,VICTORIA_ALIADA_POST_MORTEM,true,26,24960,2646,203618,run-0803-actions.log.gz,80925624
run-0804,3825282767766320488,4038,5000,PESADILLA,JUGADOR_Y_ALIADOS,VICTORIA_ALIADA_POST_MORTEM,true,32,26462,2650,238187,run-0804-actions.log.gz,81449912
run-0805,6508728798249218627,4043,5000,DEMENTE,SOLO_JUGADOR,VICTORIA_ENEMIGA_ELIMINACION,false,28,-13700,0,196107,run-0805-actions.log.gz,81449912
run-0806,-7974368855679338465,4048,2024,MUY_FACIL,JUGADOR_Y_ALIADOS,VICTORIA_ENEMIGA_ELIMINACION,false,31,-15807,0,143505,run-0806-actions.log.gz,81974200
run-0807,-7234095293659168001,4053,3040,FACIL,SOLO_JUGADOR,VICTORIA_ENEMIGA_AGOTAMIENTO,false,29,-1807,270,176706,run-0807-actions.log.gz,82498488
run-0808,5199476936705132634,4057,4057,NORMAL,JUGADOR_Y_ALIADOS,VICTORIA_ENEMIGA_AGOTAMIENTO,false,22,-888,270,167315,run-0808-actions.log.gz,82498488
run-0809,-7823589378939226942,4062,5000,DIFICIL,SOLO_JUGADOR,VICTORIA_JUGADOR,true,21,17529,1286,171494,run-0809-actions.log.gz,83022776
run-0810,4269154297944941180,4067,5000,MUY_DIFICIL,JUGADOR_Y_ALIADOS,VICTORIA_TODOS_ALIADOS,true,33,40936,4067,226578,run-0810-actions.log.gz,83022776
run-0811,8580419675327301419,4072,5000,PESADILLA,SOLO_JUGADOR,VICTORIA_ALIADA_POST_MORTEM,true,26,24962,2672,199365,run-0811-actions.log.gz,83547064
run-0812,7784506711244301439,4077,5000,DEMENTE,JUGADOR_Y_ALIADOS,VICTORIA_ALIADA_POST_MORTEM,true,29,26467,2676,227055,run-0812-actions.log.gz,84071352
run-0813,9071079951523273014,4082,2041,MUY_FACIL,SOLO_JUGADOR,VICTORIA_ENEMIGA_ELIMINACION,false,28,-15928,0,133470,run-0813-actions.log.gz,84071352
run-0814,1819393467664798012,4087,3065,FACIL,JUGADOR_Y_ALIADOS,VICTORIA_ENEMIGA_ELIMINACION,false,23,-15225,0,127345,run-0814-actions.log.gz,84595640
run-0815,6198884205517303363,4092,4092,NORMAL,SOLO_JUGADOR,VICTORIA_ENEMIGA_AGOTAMIENTO,false,25,-895,272,191726,run-0815-actions.log.gz,85119928
run-0816,-597782541006452069,4097,5000,DIFICIL,JUGADOR_Y_ALIADOS,VICTORIA_ENEMIGA_AGOTAMIENTO,false,38,-87,273,303383,run-0816-actions.log.gz,85119928
run-0817,1372006134069055840,4102,5000,MUY_DIFICIL,SOLO_JUGADOR,VICTORIA_JUGADOR,true,31,17442,1299,242046,run-0817-actions.log.gz,85644216
run-0818,4535697524764875654,4106,5000,PESADILLA,JUGADOR_Y_ALIADOS,VICTORIA_TODOS_ALIADOS,true,32,41210,4106,229816,run-0818-actions.log.gz,86168504
run-0819,1707162366174478495,4111,5000,DEMENTE,SOLO_JUGADOR,VICTORIA_ALIADA_POST_MORTEM,true,30,24964,2698,238826,run-0819-actions.log.gz,86168504
run-0820,9184275392855631804,4116,2058,MUY_FACIL,JUGADOR_Y_ALIADOS,VICTORIA_ALIADA_POST_MORTEM,true,24,22265,2701,127420,run-0820-actions.log.gz,86692792
run-0821,-1252162398998092611,4121,3091,FACIL,SOLO_JUGADOR,VICTORIA_ENEMIGA_ELIMINACION,false,27,-15347,0,139092,run-0821-actions.log.gz,87217080
run-0822,-7706169570873537244,4126,4126,NORMAL,JUGADOR_Y_ALIADOS,VICTORIA_ENEMIGA_ELIMINACION,false,23,-14639,0,161861,run-0822-actions.log.gz,87217080
run-0823,1517507575070684966,4131,5000,DIFICIL,SOLO_JUGADOR,VICTORIA_ENEMIGA_AGOTAMIENTO,false,23,-106,275,185892,run-0823-actions.log.gz,87741368
run-0824,2240634801646226305,4136,5000,MUY_DIFICIL,JUGADOR_Y_ALIADOS,VICTORIA_ENEMIGA_AGOTAMIENTO,false,24,-111,275,196787,run-0824-actions.log.gz,87741368
run-0825,-5724740516048670955,4141,5000,PESADILLA,SOLO_JUGADOR,VICTORIA_JUGADOR,true,33,17356,1311,271683,run-0825-actions.log.gz,88265656
run-0826,5671823722793738514,4146,5000,DEMENTE,JUGADOR_Y_ALIADOS,VICTORIA_TODOS_ALIADOS,true,29,41493,4146,203615,run-0826-actions.log.gz,88789944
run-0827,1744731907681035605,4151,2076,MUY_FACIL,SOLO_JUGADOR,VICTORIA_ALIADA_POST_MORTEM,true,35,23405,2724,183896,run-0827-actions.log.gz,88789944
run-0828,-109586794364918976,4156,3117,FACIL,JUGADOR_Y_ALIADOS,VICTORIA_ALIADA_POST_MORTEM,true,29,23836,2727,183781,run-0828-actions.log.gz,89314232
run-0829,1731622378924938453,4160,4160,NORMAL,SOLO_JUGADOR,VICTORIA_ENEMIGA_ELIMINACION,false,25,-14753,0,151803,run-0829-actions.log.gz,89838520
run-0830,-7274329732866752667,4165,5000,DIFICIL,JUGADOR_Y_ALIADOS,VICTORIA_ENEMIGA_ELIMINACION,false,35,-14195,0,247663,run-0830-actions.log.gz,90362808
run-0831,1661904808756085801,4170,5000,MUY_DIFICIL,SOLO_JUGADOR,VICTORIA_ENEMIGA_AGOTAMIENTO,false,23,-137,278,197721,run-0831-actions.log.gz,90362808
run-0832,6129312255055981291,4175,5000,PESADILLA,JUGADOR_Y_ALIADOS,VICTORIA_ENEMIGA_AGOTAMIENTO,false,24,-142,278,190251,run-0832-actions.log.gz,90887096
run-0833,-5959760165209963670,4180,5000,DEMENTE,SOLO_JUGADOR,VICTORIA_JUGADOR,true,24,17281,1323,207276,run-0833-actions.log.gz,90887096
run-0834,2663687680260353225,4185,2093,MUY_FACIL,JUGADOR_Y_ALIADOS,VICTORIA_TODOS_ALIADOS,true,28,35953,4185,143374,run-0834-actions.log.gz,91411384
run-0835,5818585359368909896,4190,3143,FACIL,SOLO_JUGADOR,VICTORIA_ALIADA_POST_MORTEM,true,32,25498,2750,192552,run-0835-actions.log.gz,91935672
run-0836,-6950529311634980101,4195,4195,NORMAL,JUGADOR_Y_ALIADOS,VICTORIA_ALIADA_POST_MORTEM,true,22,25375,2753,161049,run-0836-actions.log.gz,91935672
run-0837,1340998240829406069,4200,5000,DIFICIL,SOLO_JUGADOR,VICTORIA_ENEMIGA_ELIMINACION,false,32,-14332,0,220832,run-0837-actions.log.gz,92459960
run-0838,-2989275639810687841,4205,5000,MUY_DIFICIL,JUGADOR_Y_ALIADOS,VICTORIA_ENEMIGA_ELIMINACION,false,34,-14354,0,230373,run-0838-actions.log.gz,92984248
run-0839,4937458369320523191,4209,5000,PESADILLA,SOLO_JUGADOR,VICTORIA_ENEMIGA_AGOTAMIENTO,false,26,-178,280,218952,run-0839-actions.log.gz,92984248
run-0840,-1779065218979703047,4214,5000,DEMENTE,JUGADOR_Y_ALIADOS,VICTORIA_ENEMIGA_AGOTAMIENTO,false,27,-176,281,222523,run-0840-actions.log.gz,93508536
run-0841,4920952610717077870,4219,2110,MUY_FACIL,SOLO_JUGADOR,VICTORIA_JUGADOR,true,29,13607,1336,170357,run-0841-actions.log.gz,94032824
run-0842,8373327900265443441,4224,3168,FACIL,JUGADOR_Y_ALIADOS,VICTORIA_TODOS_ALIADOS,true,22,38382,4224,129384,run-0842-actions.log.gz,94032824
run-0843,1875377342138566374,4229,4229,NORMAL,SOLO_JUGADOR,VICTORIA_ALIADA_POST_MORTEM,true,23,27554,2775,159146,run-0843-actions.log.gz,94557112
run-0844,7897662205881325085,4234,5000,DIFICIL,JUGADOR_Y_ALIADOS,VICTORIA_ALIADA_POST_MORTEM,true,39,26451,2778,296887,run-0844-actions.log.gz,94557112
run-0845,-6003221561251509511,4239,5000,MUY_DIFICIL,SOLO_JUGADOR,VICTORIA_ENEMIGA_ELIMINACION,false,27,-14483,0,196188,run-0845-actions.log.gz,95081400
run-0846,-453399360871381346,4244,5000,PESADILLA,JUGADOR_Y_ALIADOS,VICTORIA_ENEMIGA_ELIMINACION,false,31,-14507,0,224322,run-0846-actions.log.gz,95605688
run-0847,-7145282379923407237,4249,5000,DEMENTE,SOLO_JUGADOR,VICTORIA_ENEMIGA_AGOTAMIENTO,false,25,-208,283,203063,run-0847-actions.log.gz,95617288
run-0848,2997523283129114379,4254,2127,MUY_FACIL,JUGADOR_Y_ALIADOS,VICTORIA_ENEMIGA_AGOTAMIENTO,false,23,-2800,283,132861,run-0848-actions.log.gz,96129976
run-0849,7011429213782789888,4259,3194,FACIL,SOLO_JUGADOR,VICTORIA_JUGADOR,true,26,14941,1349,182917,run-0849-actions.log.gz,96654264
run-0850,-4361791367017330164,4263,4263,NORMAL,JUGADOR_Y_ALIADOS,VICTORIA_TODOS_ALIADOS,true,29,40838,4263,189733,run-0850-actions.log.gz,96654264
run-0851,8484249242565993868,4268,5000,DIFICIL,SOLO_JUGADOR,VICTORIA_ALIADA_POST_MORTEM,true,28,28967,2801,194983,run-0851-actions.log.gz,97178552
run-0852,-4878490765177145236,4273,5000,MUY_DIFICIL,JUGADOR_Y_ALIADOS,VICTORIA_ALIADA_POST_MORTEM,true,23,26469,2804,190880,run-0852-actions.log.gz,97702840
run-0853,-5778180449101924266,4278,5000,PESADILLA,SOLO_JUGADOR,VICTORIA_ENEMIGA_ELIMINACION,false,30,-14642,0,218732,run-0853-actions.log.gz,97702840
run-0854,-1557092160729812897,4283,5000,DEMENTE,JUGADOR_Y_ALIADOS,VICTORIA_ENEMIGA_ELIMINACION,false,24,-14656,0,193216,run-0854-actions.log.gz,98227128
run-0855,6047625284002922621,4288,2144,MUY_FACIL,SOLO_JUGADOR,VICTORIA_ENEMIGA_AGOTAMIENTO,false,22,-2813,285,130026,run-0855-actions.log.gz,98227128
run-0856,281537147330953039,4293,3220,FACIL,JUGADOR_Y_ALIADOS,VICTORIA_ENEMIGA_AGOTAMIENTO,false,27,-1851,286,187246,run-0856-actions.log.gz,98751416
run-0857,-4286454134452308469,4298,4298,NORMAL,SOLO_JUGADOR,VICTORIA_JUGADOR,true,27,16216,1361,216463,run-0857-actions.log.gz,99275704
run-0858,2747372776001304262,4303,5000,DIFICIL,JUGADOR_Y_ALIADOS,VICTORIA_TODOS_ALIADOS,true,36,42585,4303,270294,run-0858-actions.log.gz,99275704
run-0859,4196121433253116461,4308,5000,MUY_DIFICIL,SOLO_JUGADOR,VICTORIA_ALIADA_POST_MORTEM,true,30,28967,2827,242698,run-0859-actions.log.gz,99799992
run-0860,-7907228432705229203,4312,5000,PESADILLA,JUGADOR_Y_ALIADOS,VICTORIA_ALIADA_POST_MORTEM,true,25,26462,2829,192038,run-0860-actions.log.gz,100324280
run-0861,3273399034464978188,4317,5000,DEMENTE,SOLO_JUGADOR,VICTORIA_ENEMIGA_ELIMINACION,false,24,-14792,0,175651,run-0861-actions.log.gz,100324280
run-0862,-8040696794343705917,4322,2161,MUY_FACIL,JUGADOR_Y_ALIADOS,VICTORIA_ENEMIGA_ELIMINACION,false,28,-16804,0,133728,run-0862-actions.log.gz,100848568
run-0863,8424478192212927164,4327,3245,FACIL,SOLO_JUGADOR,VICTORIA_ENEMIGA_AGOTAMIENTO,false,33,-1865,288,228252,run-0863-actions.log.gz,100848568
run-0864,-3291159290677897597,4332,4332,NORMAL,JUGADOR_Y_ALIADOS,VICTORIA_ENEMIGA_AGOTAMIENTO,false,27,-889,288,213228,run-0864-actions.log.gz,101372856
run-0865,-2081206783620014551,4337,5000,DIFICIL,SOLO_JUGADOR,VICTORIA_JUGADOR,true,28,16959,1373,245160,run-0865-actions.log.gz,101897144
run-0866,4676337101299866064,4342,5000,MUY_DIFICIL,JUGADOR_Y_ALIADOS,VICTORIA_TODOS_ALIADOS,true,26,42868,4342,179236,run-0866-actions.log.gz,102421432
run-0867,7240806925457837924,4347,5000,PESADILLA,SOLO_JUGADOR,VICTORIA_ALIADA_POST_MORTEM,true,21,28978,2853,162953,run-0867-actions.log.gz,102421432
run-0868,-8671540292833691044,4352,5000,DEMENTE,JUGADOR_Y_ALIADOS,VICTORIA_ALIADA_POST_MORTEM,true,27,26469,2856,221018,run-0868-actions.log.gz,102945720
run-0869,-8803145420501991560,4357,2179,MUY_FACIL,SOLO_JUGADOR,VICTORIA_ENEMIGA_ELIMINACION,false,25,-16927,0,117813,run-0869-actions.log.gz,102945720
run-0870,-121936955012496099,4361,3271,FACIL,JUGADOR_Y_ALIADOS,VICTORIA_ENEMIGA_ELIMINACION,false,37,-16191,0,209825,run-0870-actions.log.gz,103470008
run-0871,-4916448388031462590,4366,4366,NORMAL,SOLO_JUGADOR,VICTORIA_ENEMIGA_AGOTAMIENTO,false,23,-876,291,183356,run-0871-actions.log.gz,103994296
run-0872,3495304641070752661,4371,5000,DIFICIL,JUGADOR_Y_ALIADOS,VICTORIA_ENEMIGA_AGOTAMIENTO,false,30,-321,291,248835,run-0872-actions.log.gz,103994296
run-0873,-7829479803123577287,4376,5000,MUY_DIFICIL,SOLO_JUGADOR,VICTORIA_JUGADOR,true,28,16882,1386,235297,run-0873-actions.log.gz,104518584
run-0874,4080955123485598587,4381,5000,PESADILLA,JUGADOR_Y_ALIADOS,VICTORIA_TODOS_ALIADOS,true,26,43141,4381,202053,run-0874-actions.log.gz,105042872
run-0875,8328627618685704525,4386,5000,DEMENTE,SOLO_JUGADOR,VICTORIA_ALIADA_POST_MORTEM,true,33,28961,2878,250271,run-0875-actions.log.gz,105042872
run-0876,-1504051660449026291,4391,2196,MUY_FACIL,JUGADOR_Y_ALIADOS,VICTORIA_ALIADA_POST_MORTEM,true,27,23099,2882,166744,run-0876-actions.log.gz,105567160
run-0877,2150216253252491972,4396,3297,FACIL,SOLO_JUGADOR,VICTORIA_ENEMIGA_ELIMINACION,false,25,-16301,0,141242,run-0877-actions.log.gz,106091448
run-0878,5645236671552181926,4401,4401,NORMAL,JUGADOR_Y_ALIADOS,VICTORIA_ENEMIGA_ELIMINACION,false,35,-15559,0,224922,run-0878-actions.log.gz,106091448
run-0879,-2671088631512223967,4406,5000,DIFICIL,SOLO_JUGADOR,VICTORIA_ENEMIGA_AGOTAMIENTO,false,27,-348,293,225097,run-0879-actions.log.gz,106615736
run-0880,8113352203857289536,4411,5000,MUY_DIFICIL,JUGADOR_Y_ALIADOS,VICTORIA_ENEMIGA_AGOTAMIENTO,false,36,-358,294,299013,run-0880-actions.log.gz,107140024
run-0881,-2103485668411656968,4415,5000,PESADILLA,SOLO_JUGADOR,VICTORIA_JUGADOR,true,30,20796,1398,232485,run-0881-actions.log.gz,107140024
run-0882,-6043454714667751227,4420,5000,DEMENTE,JUGADOR_Y_ALIADOS,VICTORIA_TODOS_ALIADOS,true,28,43412,4420,209076,run-0882-actions.log.gz,107664312
run-0883,1822133624193419690,4425,2213,MUY_FACIL,SOLO_JUGADOR,VICTORIA_ALIADA_POST_MORTEM,true,26,24298,2904,151408,run-0883-actions.log.gz,108188600
run-0884,-3744361005717051900,4430,3323,FACIL,JUGADOR_Y_ALIADOS,VICTORIA_ALIADA_POST_MORTEM,true,28,24503,2907,200482,run-0884-actions.log.gz,108188600
run-0885,8466719804537825248,4435,4435,NORMAL,SOLO_JUGADOR,VICTORIA_ENEMIGA_ELIMINACION,false,28,-15664,0,182468,run-0885-actions.log.gz,108712888
run-0886,8838274104888372531,4440,5000,DIFICIL,JUGADOR_Y_ALIADOS,VICTORIA_ENEMIGA_ELIMINACION,false,29,-15289,0,209275,run-0886-actions.log.gz,109237176
run-0887,-2598363915903170983,4445,5000,MUY_DIFICIL,SOLO_JUGADOR,VICTORIA_ENEMIGA_AGOTAMIENTO,false,36,-388,296,288834,run-0887-actions.log.gz,109237176
run-0888,5510899358475620339,4450,5000,PESADILLA,JUGADOR_Y_ALIADOS,VICTORIA_ENEMIGA_AGOTAMIENTO,false,32,-392,296,272447,run-0888-actions.log.gz,109761464
run-0889,1030208906032846820,4455,5000,DEMENTE,SOLO_JUGADOR,VICTORIA_JUGADOR,true,29,20720,1411,226009,run-0889-actions.log.gz,110285752
run-0890,1332624416274206580,4460,2230,MUY_FACIL,JUGADOR_Y_ALIADOS,VICTORIA_TODOS_ALIADOS,true,33,38147,4460,191815,run-0890-actions.log.gz,110810040
run-0891,-6699432662075466237,4464,3348,FACIL,SOLO_JUGADOR,VICTORIA_ALIADA_POST_MORTEM,true,36,26239,2929,227651,run-0891-actions.log.gz,110810040
run-0892,9080094651937840078,4469,4469,NORMAL,JUGADOR_Y_ALIADOS,VICTORIA_ALIADA_POST_MORTEM,true,30,25863,2933,224890,run-0892-actions.log.gz,111334328
run-0893,-1862742305163013081,4474,5000,DIFICIL,SOLO_JUGADOR,VICTORIA_ENEMIGA_ELIMINACION,false,31,-15427,0,241292,run-0893-actions.log.gz,111858616
run-0894,-3521104023348046249,4479,5000,MUY_DIFICIL,JUGADOR_Y_ALIADOS,VICTORIA_ENEMIGA_ELIMINACION,false,26,-15442,0,200125,run-0894-actions.log.gz,112382904
run-0895,6393974530363494056,4484,5000,PESADILLA,SOLO_JUGADOR,VICTORIA_ENEMIGA_AGOTAMIENTO,false,29,-412,299,250574,run-0895-actions.log.gz,112382904
run-0896,-1538440883659320145,4489,5000,DEMENTE,JUGADOR_Y_ALIADOS,VICTORIA_ENEMIGA_AGOTAMIENTO,false,23,-414,299,189346,run-0896-actions.log.gz,112907192
run-0897,-1137714564711935153,4494,2247,MUY_FACIL,SOLO_JUGADOR,VICTORIA_JUGADOR,true,29,15626,1423,173558,run-0897-actions.log.gz,112907192
run-0898,5156070413357519905,4499,3374,FACIL,JUGADOR_Y_ALIADOS,VICTORIA_TODOS_ALIADOS,true,25,40716,4499,165922,run-0898-actions.log.gz,113431480
run-0899,6859596857144143318,4504,4504,NORMAL,SOLO_JUGADOR,VICTORIA_ALIADA_POST_MORTEM,true,24,28169,2955,184466,run-0899-actions.log.gz,113955768
run-0900,-5713578191823063107,4509,5000,DIFICIL,JUGADOR_Y_ALIADOS,VICTORIA_ALIADA_POST_MORTEM,true,35,26466,2959,301199,run-0900-actions.log.gz,113955768
run-0901,5113515224342939583,4514,5000,MUY_DIFICIL,SOLO_JUGADOR,VICTORIA_ENEMIGA_ELIMINACION,false,28,-15584,0,207319,run-0901-actions.log.gz,114480056
run-0902,-5845494137798954086,4518,5000,PESADILLA,JUGADOR_Y_ALIADOS,VICTORIA_ENEMIGA_ELIMINACION,false,24,-15596,0,166114,run-0902-actions.log.gz,115004344
run-0903,8702783212444350171,4523,5000,DEMENTE,SOLO_JUGADOR,VICTORIA_ENEMIGA_AGOTAMIENTO,false,30,-451,301,247567,run-0903-actions.log.gz,115004344
run-0904,225108881201729750,4528,2264,MUY_FACIL,JUGADOR_Y_ALIADOS,VICTORIA_ENEMIGA_AGOTAMIENTO,false,34,-2925,301,211316,run-0904-actions.log.gz,115528632
run-0905,8454754026248990283,4533,3400,FACIL,SOLO_JUGADOR,VICTORIA_JUGADOR,true,26,17695,1435,173340,run-0905-actions.log.gz,116052920
run-0906,-9001639134678328013,4538,4538,NORMAL,JUGADOR_Y_ALIADOS,VICTORIA_TODOS_ALIADOS,true,30,43312,4538,199703,run-0906-actions.log.gz,116052920
run-0907,-2545046112125835143,4543,5000,DIFICIL,SOLO_JUGADOR,VICTORIA_ALIADA_POST_MORTEM,true,32,28974,2982,242748,run-0907-actions.log.gz,116593608
run-0908,3119560284997559702,4548,5000,MUY_DIFICIL,JUGADOR_Y_ALIADOS,VICTORIA_ALIADA_POST_MORTEM,true,26,30477,2985,185689,run-0908-actions.log.gz,117101496
run-0909,-4041273254595872616,4553,5000,PESADILLA,SOLO_JUGADOR,VICTORIA_ENEMIGA_ELIMINACION,false,33,-15745,0,233750,run-0909-actions.log.gz,117101496
run-0910,-3407861903016680466,4558,5000,DEMENTE,JUGADOR_Y_ALIADOS,VICTORIA_ENEMIGA_ELIMINACION,false,33,-15765,0,243292,run-0910-actions.log.gz,117625784
run-0911,4494416012189454692,4563,2282,MUY_FACIL,SOLO_JUGADOR,VICTORIA_ENEMIGA_AGOTAMIENTO,false,21,-2923,304,135130,run-0911-actions.log.gz,118150072
run-0912,4042436537493054420,4567,3425,FACIL,JUGADOR_Y_ALIADOS,VICTORIA_ENEMIGA_AGOTAMIENTO,false,32,-1910,304,229693,run-0912-actions.log.gz,118150072
run-0913,-3200420783578941275,4572,4572,NORMAL,SOLO_JUGADOR,VICTORIA_JUGADOR,true,25,19727,1448,183249,run-0913-actions.log.gz,118674360
run-0914,-8991897517815032543,4577,5000,DIFICIL,JUGADOR_Y_ALIADOS,VICTORIA_TODOS_ALIADOS,true,26,44513,4577,187376,run-0914-actions.log.gz,119198648
run-0915,-4208027618325497086,4582,5000,MUY_DIFICIL,SOLO_JUGADOR,VICTORIA_ALIADA_POST_MORTEM,true,32,28969,3007,238514,run-0915-actions.log.gz,119198648
run-0916,-5477541467929553655,4587,5000,PESADILLA,JUGADOR_Y_ALIADOS,VICTORIA_ALIADA_POST_MORTEM,true,30,30468,3010,218257,run-0916-actions.log.gz,119722936
run-0917,-5525847726373197921,4592,5000,DEMENTE,SOLO_JUGADOR,VICTORIA_ENEMIGA_ELIMINACION,false,33,-15901,0,231354,run-0917-actions.log.gz,120247224
run-0918,-6181333793871665962,4597,2299,MUY_FACIL,JUGADOR_Y_ALIADOS,VICTORIA_ENEMIGA_ELIMINACION,false,28,-17806,0,147644,run-0918-actions.log.gz,120780744
run-0919,-7687151802794584360,4602,3452,FACIL,SOLO_JUGADOR,VICTORIA_ENEMIGA_AGOTAMIENTO,false,35,-1923,306,246096,run-0919-actions.log.gz,120780744
run-0920,-7298588846651644319,4607,4607,NORMAL,JUGADOR_Y_ALIADOS,VICTORIA_ENEMIGA_AGOTAMIENTO,false,21,-866,307,173254,run-0920-actions.log.gz,121295800
run-0921,2360077964346151621,4612,5000,DIFICIL,SOLO_JUGADOR,VICTORIA_JUGADOR,true,30,20390,1460,234614,run-0921-actions.log.gz,121820088
run-0922,857498182828418022,4616,5000,MUY_DIFICIL,JUGADOR_Y_ALIADOS,VICTORIA_TODOS_ALIADOS,true,31,44781,4616,240821,run-0922-actions.log.gz,121820088
run-0923,-6456013354902940864,4621,5000,PESADILLA,SOLO_JUGADOR,VICTORIA_ALIADA_POST_MORTEM,true,29,28974,3033,237849,run-0923-actions.log.gz,122344376
run-0924,581073750387570647,4626,5000,DEMENTE,JUGADOR_Y_ALIADOS,VICTORIA_ALIADA_POST_MORTEM,true,26,30474,3036,204390,run-0924-actions.log.gz,122868664
run-0925,8430982352252818858,4631,2316,MUY_FACIL,SOLO_JUGADOR,VICTORIA_ENEMIGA_ELIMINACION,false,30,-17932,0,146356,run-0925-actions.log.gz,122868664
run-0926,6771091823637494003,4636,3477,FACIL,JUGADOR_Y_ALIADOS,VICTORIA_ENEMIGA_ELIMINACION,false,29,-17139,0,172635,run-0926-actions.log.gz,123392952
run-0927,-8843830323809438481,4641,4641,NORMAL,SOLO_JUGADOR,VICTORIA_ENEMIGA_AGOTAMIENTO,false,33,-882,309,273114,run-0927-actions.log.gz,123917240
run-0928,-8339172844824842991,4646,5000,DIFICIL,JUGADOR_Y_ALIADOS,VICTORIA_ENEMIGA_AGOTAMIENTO,false,31,-560,309,264278,run-0928-actions.log.gz,123917240
run-0929,-2169638917179799018,4651,5000,MUY_DIFICIL,SOLO_JUGADOR,VICTORIA_JUGADOR,true,20,20323,1473,170824,run-0929-actions.log.gz,124441528
run-0930,8591085956474952664,4656,5000,PESADILLA,JUGADOR_Y_ALIADOS,VICTORIA_TODOS_ALIADOS,true,41,45051,4656,304299,run-0930-actions.log.gz,124965816
run-0931,-4511840964327778119,4661,5000,DEMENTE,SOLO_JUGADOR,VICTORIA_ALIADA_POST_MORTEM,true,27,28978,3059,222391,run-0931-actions.log.gz,124965816
run-0932,3665428638837568127,4666,2333,MUY_FACIL,JUGADOR_Y_ALIADOS,VICTORIA_ALIADA_POST_MORTEM,true,35,25719,3062,200241,run-0932-actions.log.gz,125490104
run-0933,7092613417065223950,4670,3503,FACIL,SOLO_JUGADOR,VICTORIA_ENEMIGA_ELIMINACION,false,34,-17262,0,214928,run-0933-actions.log.gz,126014392
run-0934,8039557418580856796,4675,4675,NORMAL,JUGADOR_Y_ALIADOS,VICTORIA_ENEMIGA_ELIMINACION,false,30,-16458,0,211074,run-0934-actions.log.gz,126538680
run-0935,19718694032639164,4680,5000,DIFICIL,SOLO_JUGADOR,VICTORIA_ENEMIGA_AGOTAMIENTO,false,29,-585,312,259477,run-0935-actions.log.gz,126538680
run-0936,-4548745297259901335,4685,5000,MUY_DIFICIL,JUGADOR_Y_ALIADOS,VICTORIA_ENEMIGA_AGOTAMIENTO,false,25,-585,312,228630,run-0936-actions.log.gz,127062968
run-0937,-3523186589341476426,4690,5000,PESADILLA,SOLO_JUGADOR,VICTORIA_JUGADOR,true,33,20226,1485,283831,run-0937-actions.log.gz,127587256
run-0938,-5076167144804108751,4695,5000,DEMENTE,JUGADOR_Y_ALIADOS,VICTORIA_TODOS_ALIADOS,true,25,45340,4695,173164,run-0938-actions.log.gz,127587256
run-0939,-1957286980438651872,4700,2350,MUY_FACIL,SOLO_JUGADOR,VICTORIA_ALIADA_POST_MORTEM,true,34,25118,3084,207738,run-0939-actions.log.gz,128111544
run-0940,-1302120366110259552,4705,3529,FACIL,JUGADOR_Y_ALIADOS,VICTORIA_ALIADA_POST_MORTEM,true,37,27888,3087,246645,run-0940-actions.log.gz,128635832
run-0941,-8864060728086369646,4710,4710,NORMAL,SOLO_JUGADOR,VICTORIA_ENEMIGA_ELIMINACION,false,31,-16573,0,218896,run-0941-actions.log.gz,129160120
run-0942,6739110689294846398,4715,5000,DIFICIL,JUGADOR_Y_ALIADOS,VICTORIA_ENEMIGA_ELIMINACION,false,19,-16379,0,152428,run-0942-actions.log.gz,129160120
run-0943,-3729777815346835811,4719,5000,MUY_DIFICIL,SOLO_JUGADOR,VICTORIA_ENEMIGA_AGOTAMIENTO,false,34,-628,314,295864,run-0943-actions.log.gz,129684408
run-0944,7934994259074177550,4724,5000,PESADILLA,JUGADOR_Y_ALIADOS,VICTORIA_ENEMIGA_AGOTAMIENTO,false,31,-622,315,266297,run-0944-actions.log.gz,130208696
run-0945,-377450241759816641,4729,5000,DEMENTE,SOLO_JUGADOR,VICTORIA_JUGADOR,true,32,20143,1497,268405,run-0945-actions.log.gz,130208696
run-0946,6426678593909765657,4734,2367,MUY_FACIL,JUGADOR_Y_ALIADOS,VICTORIA_TODOS_ALIADOS,true,26,40346,4734,153883,run-0946-actions.log.gz,130732984
run-0947,7373365333445566355,4739,3554,FACIL,SOLO_JUGADOR,VICTORIA_ALIADA_POST_MORTEM,true,28,26920,3110,194480,run-0947-actions.log.gz,131257272
run-0948,7315194721553497090,4744,4744,NORMAL,JUGADOR_Y_ALIADOS,VICTORIA_ALIADA_POST_MORTEM,true,37,30022,3113,291039,run-0948-actions.log.gz,131257272
run-0949,-2573043264650396941,4749,5000,DIFICIL,SOLO_JUGADOR,VICTORIA_ENEMIGA_ELIMINACION,false,27,-16523,0,224371,run-0949-actions.log.gz,131781560
run-0950,-8089645136179029943,4754,5000,MUY_DIFICIL,JUGADOR_Y_ALIADOS,VICTORIA_ENEMIGA_ELIMINACION,false,26,-16542,0,201736,run-0950-actions.log.gz,132305848
run-0951,7339947054164261658,4759,5000,PESADILLA,SOLO_JUGADOR,VICTORIA_ENEMIGA_AGOTAMIENTO,false,30,-655,317,269686,run-0951-actions.log.gz,132305848
run-0952,889569418940345776,4764,5000,DEMENTE,JUGADOR_Y_ALIADOS,VICTORIA_ENEMIGA_AGOTAMIENTO,false,24,-657,317,200776,run-0952-actions.log.gz,132830136
run-0953,7080049260742515673,4769,2385,MUY_FACIL,SOLO_JUGADOR,VICTORIA_JUGADOR,true,32,15892,1510,208712,run-0953-actions.log.gz,133354424
run-0954,6040488038343313102,4773,3580,FACIL,JUGADOR_Y_ALIADOS,VICTORIA_TODOS_ALIADOS,true,30,43041,4773,193939,run-0954-actions.log.gz,133354424
run-0955,-5117075482016099318,4778,4778,NORMAL,SOLO_JUGADOR,VICTORIA_ALIADA_POST_MORTEM,true,24,28665,3135,201999,run-0955-actions.log.gz,133878712
run-0956,1104772780212843580,4783,5000,DIFICIL,JUGADOR_Y_ALIADOS,VICTORIA_ALIADA_POST_MORTEM,true,37,30468,3139,278781,run-0956-actions.log.gz,134421448
run-0957,6715044207068210572,4788,5000,MUY_DIFICIL,SOLO_JUGADOR,VICTORIA_ENEMIGA_ELIMINACION,false,29,-16681,0,218689,run-0957-actions.log.gz,134421448
run-0958,-4893200514697525046,4793,5000,PESADILLA,JUGADOR_Y_ALIADOS,VICTORIA_ENEMIGA_ELIMINACION,false,23,-16695,0,192618,run-0958-actions.log.gz,134927288
run-0959,260267018091185333,4798,5000,DEMENTE,SOLO_JUGADOR,VICTORIA_ENEMIGA_AGOTAMIENTO,false,24,-687,319,219635,run-0959-actions.log.gz,135451576
run-0960,5195069767439424370,4803,2402,MUY_FACIL,JUGADOR_Y_ALIADOS,VICTORIA_ENEMIGA_AGOTAMIENTO,false,27,-3029,320,179978,run-0960-actions.log.gz,135451576
run-0961,-8517143353277579419,4808,3606,FACIL,SOLO_JUGADOR,VICTORIA_JUGADOR,true,28,17806,1522,215942,run-0961-actions.log.gz,135975864
run-0962,-4317524048683040709,4813,4813,NORMAL,JUGADOR_Y_ALIADOS,VICTORIA_TODOS_ALIADOS,true,33,45784,4813,240685,run-0962-actions.log.gz,136500152
run-0963,-1392533383779714463,4818,5000,DIFICIL,SOLO_JUGADOR,VICTORIA_ALIADA_POST_MORTEM,true,27,28979,3162,218737,run-0963-actions.log.gz,136500152
run-0964,266854143607542079,4822,5000,MUY_DIFICIL,JUGADOR_Y_ALIADOS,VICTORIA_ALIADA_POST_MORTEM,true,38,30469,3165,302420,run-0964-actions.log.gz,137024440
run-0965,-7421283078783369003,4827,5000,PESADILLA,SOLO_JUGADOR,VICTORIA_ENEMIGA_ELIMINACION,false,30,-16838,0,232465,run-0965-actions.log.gz,137548728
run-0966,6531496929184776977,4832,5000,DEMENTE,JUGADOR_Y_ALIADOS,VICTORIA_ENEMIGA_ELIMINACION,false,27,-16855,0,199787,run-0966-actions.log.gz,137548728
run-0967,3602214920601554855,4837,2419,MUY_FACIL,SOLO_JUGADOR,VICTORIA_ENEMIGA_AGOTAMIENTO,false,27,-3043,322,182967,run-0967-actions.log.gz,138073016
run-0968,8402146326557851481,4842,3632,FACIL,JUGADOR_Y_ALIADOS,VICTORIA_ENEMIGA_AGOTAMIENTO,false,29,-1963,322,223139,run-0968-actions.log.gz,138597304
run-0969,-3934259697014930307,4847,4847,NORMAL,SOLO_JUGADOR,VICTORIA_JUGADOR,true,31,19672,1535,268038,run-0969-actions.log.gz,138597304
run-0970,8193015359683868158,4852,5000,DIFICIL,JUGADOR_Y_ALIADOS,VICTORIA_TODOS_ALIADOS,true,26,46438,4852,208676,run-0970-actions.log.gz,139121592
run-0971,4455522363434291817,4857,5000,MUY_DIFICIL,SOLO_JUGADOR,VICTORIA_ALIADA_POST_MORTEM,true,20,28981,3187,175710,run-0971-actions.log.gz,139645880
run-0972,664865854313006141,4862,5000,PESADILLA,JUGADOR_Y_ALIADOS,VICTORIA_ALIADA_POST_MORTEM,true,27,30482,3191,216796,run-0972-actions.log.gz,139645880
run-0973,3019034620078261348,4867,5000,DEMENTE,SOLO_JUGADOR,VICTORIA_ENEMIGA_ELIMINACION,false,32,-17000,0,246308,run-0973-actions.log.gz,140170168
run-0974,4255797727686505518,4871,2436,MUY_FACIL,JUGADOR_Y_ALIADOS,VICTORIA_ENEMIGA_ELIMINACION,false,32,-18810,0,162808,run-0974-actions.log.gz,140170168
run-0975,-4177280564587140547,4876,3657,FACIL,SOLO_JUGADOR,VICTORIA_ENEMIGA_AGOTAMIENTO,false,28,-1961,325,219585,run-0975-actions.log.gz,140694456
run-0976,4069900142306896341,4881,4881,NORMAL,JUGADOR_Y_ALIADOS,VICTORIA_ENEMIGA_AGOTAMIENTO,false,35,-876,325,297279,run-0976-actions.log.gz,141218744
run-0977,6251489172535676155,4886,5000,DIFICIL,SOLO_JUGADOR,VICTORIA_JUGADOR,true,31,19822,1547,258383,run-0977-actions.log.gz,141743032
run-0978,8604172757827867931,4891,5000,MUY_DIFICIL,JUGADOR_Y_ALIADOS,VICTORIA_TODOS_ALIADOS,true,22,46715,4891,182626,run-0978-actions.log.gz,141743032
run-0979,3071345542203667296,4896,5000,PESADILLA,SOLO_JUGADOR,VICTORIA_ALIADA_POST_MORTEM,true,37,28966,3213,322502,run-0979-actions.log.gz,142267320
run-0980,-8413338561095808946,4901,5000,DEMENTE,JUGADOR_Y_ALIADOS,VICTORIA_ALIADA_POST_MORTEM,true,32,30472,3216,252990,run-0980-actions.log.gz,142791608
run-0981,394612279312314818,4906,2453,MUY_FACIL,SOLO_JUGADOR,VICTORIA_ENEMIGA_ELIMINACION,false,27,-18933,0,147268,run-0981-actions.log.gz,142791608
run-0982,-7912451290220608832,4911,3683,FACIL,JUGADOR_Y_ALIADOS,VICTORIA_ENEMIGA_ELIMINACION,false,28,-18094,0,189790,run-0982-actions.log.gz,143315896
run-0983,5491408949000427613,4916,4916,NORMAL,SOLO_JUGADOR,VICTORIA_ENEMIGA_AGOTAMIENTO,false,28,-867,327,246254,run-0983-actions.log.gz,143840184
run-0984,-4018356613167535094,4921,5000,DIFICIL,JUGADOR_Y_ALIADOS,VICTORIA_ENEMIGA_AGOTAMIENTO,false,31,-795,328,269696,run-0984-actions.log.gz,143840184
run-0985,-1084524784193458796,4925,5000,MUY_DIFICIL,SOLO_JUGADOR,VICTORIA_JUGADOR,true,33,19736,1559,274853,run-0985-actions.log.gz,144364472
run-0986,4062510013345405891,4930,5000,PESADILLA,JUGADOR_Y_ALIADOS,VICTORIA_TODOS_ALIADOS,true,36,46974,4930,285088,run-0986-actions.log.gz,144888760
run-0987,974342366613978130,4935,5000,DEMENTE,SOLO_JUGADOR,VICTORIA_ALIADA_POST_MORTEM,true,27,28982,3239,239010,run-0987-actions.log.gz,145413048
run-0988,-5656260849943134626,4940,2470,MUY_FACIL,JUGADOR_Y_ALIADOS,VICTORIA_ALIADA_POST_MORTEM,true,29,26541,3242,180533,run-0988-actions.log.gz,145413048
run-0989,7336172367846884738,4945,3709,FACIL,SOLO_JUGADOR,VICTORIA_ENEMIGA_ELIMINACION,false,33,-18217,0,200124,run-0989-actions.log.gz,145937336
run-0990,-731188196978720381,4950,4950,NORMAL,JUGADOR_Y_ALIADOS,VICTORIA_ENEMIGA_ELIMINACION,false,30,-17364,0,220189,run-0990-actions.log.gz,146461624
run-0991,8642783187951862796,4955,5000,DIFICIL,SOLO_JUGADOR,VICTORIA_ENEMIGA_AGOTAMIENTO,false,26,-820,330,238880,run-0991-actions.log.gz,146461624
run-0992,332230419452744807,4960,5000,MUY_DIFICIL,JUGADOR_Y_ALIADOS,VICTORIA_ENEMIGA_AGOTAMIENTO,false,30,-832,330,269347,run-0992-actions.log.gz,146985912
run-0993,397336760085616981,4965,5000,PESADILLA,SOLO_JUGADOR,VICTORIA_JUGADOR,true,28,19664,1572,252186,run-0993-actions.log.gz,147510200
run-0994,5047073399400668012,4970,5000,DEMENTE,JUGADOR_Y_ALIADOS,VICTORIA_TODOS_ALIADOS,true,24,47266,4970,199306,run-0994-actions.log.gz,147510200
run-0995,-4592853872146244010,4974,2487,MUY_FACIL,SOLO_JUGADOR,VICTORIA_ALIADA_POST_MORTEM,true,34,25884,3264,223092,run-0995-actions.log.gz,148034488
run-0996,-1025104545688541006,4979,3734,FACIL,JUGADOR_Y_ALIADOS,VICTORIA_ALIADA_POST_MORTEM,true,35,28536,3267,254040,run-0996-actions.log.gz,148558776
run-0997,1685054167862318775,4984,4984,NORMAL,SOLO_JUGADOR,VICTORIA_ENEMIGA_ELIMINACION,false,28,-17476,0,215152,run-0997-actions.log.gz,149083064
run-0998,359095261895282847,4989,5000,DIFICIL,JUGADOR_Y_ALIADOS,VICTORIA_ENEMIGA_ELIMINACION,false,28,-17484,0,215644,run-0998-actions.log.gz,149083064
run-0999,9069887397092739684,4994,5000,MUY_DIFICIL,SOLO_JUGADOR,VICTORIA_ENEMIGA_AGOTAMIENTO,false,30,-855,333,273992,run-0999-actions.log.gz,149607352
run-1000,-3228420050854148551,4999,5000,PESADILLA,JUGADOR_Y_ALIADOS,VICTORIA_ENEMIGA_AGOTAMIENTO,false,28,-861,333,250246,run-1000-actions.log.gz,150131640
